GSM7000930_GaseE803001	/Volumes/SumSung500/CSU/0_HiRES/data/hires/GSE223917_RAW_by_real_stages/E80/GSM7000930_GaseE803001.pairs.gz
GSM7000931_GaseE803002	/Volumes/SumSung500/CSU/0_HiRES/data/hires/GSE223917_RAW_by_real_stages/E80/GSM7000931_GaseE803002.pairs.gz
GSM7000932_GaseE803003	/Volumes/SumSung500/CSU/0_HiRES/data/hires/GSE223917_RAW_by_real_stages/E80/GSM7000932_GaseE803003.pairs.gz
GSM7000933_GaseE803004	/Volumes/SumSung500/CSU/0_HiRES/data/hires/GSE223917_RAW_by_real_stages/E80/GSM7000933_GaseE803004.pairs.gz
GSM7000934_GaseE803005	/Volumes/SumSung500/CSU/0_HiRES/data/hires/GSE223917_RAW_by_real_stages/E80/GSM7000934_GaseE803005.pairs.gz
GSM7000935_GaseE803006	/Volumes/SumSung500/CSU/0_HiRES/data/hires/GSE223917_RAW_by_real_stages/E80/GSM7000935_GaseE803006.pairs.gz
GSM7000936_GaseE803007	/Volumes/SumSung500/CSU/0_HiRES/data/hires/GSE223917_RAW_by_real_stages/E80/GSM7000936_GaseE803007.pairs.gz
GSM7000937_GaseE803008	/Volumes/SumSung500/CSU/0_HiRES/data/hires/GSE223917_RAW_by_real_stages/E80/GSM7000937_GaseE803008.pairs.gz
GSM7000938_GaseE803009	/Volumes/SumSung500/CSU/0_HiRES/data/hires/GSE223917_RAW_by_real_stages/E80/GSM7000938_GaseE803009.pairs.gz
GSM7000939_GaseE803010	/Volumes/SumSung500/CSU/0_HiRES/data/hires/GSE223917_RAW_by_real_stages/E80/GSM7000939_GaseE803010.pairs.gz
GSM7000940_GaseE803011	/Volumes/SumSung500/CSU/0_HiRES/data/hires/GSE223917_RAW_by_real_stages/E80/GSM7000940_GaseE803011.pairs.gz
GSM7000941_GaseE803012	/Volumes/SumSung500/CSU/0_HiRES/data/hires/GSE223917_RAW_by_real_stages/E80/GSM7000941_GaseE803012.pairs.gz
GSM7000942_GaseE803013	/Volumes/SumSung500/CSU/0_HiRES/data/hires/GSE223917_RAW_by_real_stages/E80/GSM7000942_GaseE803013.pairs.gz
GSM7000943_GaseE803014	/Volumes/SumSung500/CSU/0_HiRES/data/hires/GSE223917_RAW_by_real_stages/E80/GSM7000943_GaseE803014.pairs.gz
GSM7000944_GaseE803015	/Volumes/SumSung500/CSU/0_HiRES/data/hires/GSE223917_RAW_by_real_stages/E80/GSM7000944_GaseE803015.pairs.gz
GSM7000945_GaseE803016	/Volumes/SumSung500/CSU/0_HiRES/data/hires/GSE223917_RAW_by_real_stages/E80/GSM7000945_GaseE803016.pairs.gz
GSM7000946_GaseE803017	/Volumes/SumSung500/CSU/0_HiRES/data/hires/GSE223917_RAW_by_real_stages/E80/GSM7000946_GaseE803017.pairs.gz
GSM7000947_GaseE803018	/Volumes/SumSung500/CSU/0_HiRES/data/hires/GSE223917_RAW_by_real_stages/E80/GSM7000947_GaseE803018.pairs.gz
GSM7000948_GaseE803019	/Volumes/SumSung500/CSU/0_HiRES/data/hires/GSE223917_RAW_by_real_stages/E80/GSM7000948_GaseE803019.pairs.gz
GSM7000949_GaseE803020	/Volumes/SumSung500/CSU/0_HiRES/data/hires/GSE223917_RAW_by_real_stages/E80/GSM7000949_GaseE803020.pairs.gz
GSM7000950_GaseE803021	/Volumes/SumSung500/CSU/0_HiRES/data/hires/GSE223917_RAW_by_real_stages/E80/GSM7000950_GaseE803021.pairs.gz
GSM7000951_GaseE803023	/Volumes/SumSung500/CSU/0_HiRES/data/hires/GSE223917_RAW_by_real_stages/E80/GSM7000951_GaseE803023.pairs.gz
GSM7000952_GaseE803024	/Volumes/SumSung500/CSU/0_HiRES/data/hires/GSE223917_RAW_by_real_stages/E80/GSM7000952_GaseE803024.pairs.gz
GSM7000953_GaseE803025	/Volumes/SumSung500/CSU/0_HiRES/data/hires/GSE223917_RAW_by_real_stages/E80/GSM7000953_GaseE803025.pairs.gz
GSM7000954_GaseE803026	/Volumes/SumSung500/CSU/0_HiRES/data/hires/GSE223917_RAW_by_real_stages/E80/GSM7000954_GaseE803026.pairs.gz
GSM7000955_GaseE803027	/Volumes/SumSung500/CSU/0_HiRES/data/hires/GSE223917_RAW_by_real_stages/E80/GSM7000955_GaseE803027.pairs.gz
GSM7000956_GaseE803028	/Volumes/SumSung500/CSU/0_HiRES/data/hires/GSE223917_RAW_by_real_stages/E80/GSM7000956_GaseE803028.pairs.gz
GSM7000957_GaseE803029	/Volumes/SumSung500/CSU/0_HiRES/data/hires/GSE223917_RAW_by_real_stages/E80/GSM7000957_GaseE803029.pairs.gz
GSM7000958_GaseE803030	/Volumes/SumSung500/CSU/0_HiRES/data/hires/GSE223917_RAW_by_real_stages/E80/GSM7000958_GaseE803030.pairs.gz
GSM7000959_GaseE803031	/Volumes/SumSung500/CSU/0_HiRES/data/hires/GSE223917_RAW_by_real_stages/E80/GSM7000959_GaseE803031.pairs.gz
GSM7000960_GaseE803032	/Volumes/SumSung500/CSU/0_HiRES/data/hires/GSE223917_RAW_by_real_stages/E80/GSM7000960_GaseE803032.pairs.gz
GSM7000961_GaseE803033	/Volumes/SumSung500/CSU/0_HiRES/data/hires/GSE223917_RAW_by_real_stages/E80/GSM7000961_GaseE803033.pairs.gz
GSM7000962_GaseE803034	/Volumes/SumSung500/CSU/0_HiRES/data/hires/GSE223917_RAW_by_real_stages/E80/GSM7000962_GaseE803034.pairs.gz
GSM7000963_GaseE803035	/Volumes/SumSung500/CSU/0_HiRES/data/hires/GSE223917_RAW_by_real_stages/E80/GSM7000963_GaseE803035.pairs.gz
GSM7000964_GaseE803036	/Volumes/SumSung500/CSU/0_HiRES/data/hires/GSE223917_RAW_by_real_stages/E80/GSM7000964_GaseE803036.pairs.gz
GSM7000965_GaseE803037	/Volumes/SumSung500/CSU/0_HiRES/data/hires/GSE223917_RAW_by_real_stages/E80/GSM7000965_GaseE803037.pairs.gz
GSM7000966_GaseE803038	/Volumes/SumSung500/CSU/0_HiRES/data/hires/GSE223917_RAW_by_real_stages/E80/GSM7000966_GaseE803038.pairs.gz
GSM7000967_GaseE803039	/Volumes/SumSung500/CSU/0_HiRES/data/hires/GSE223917_RAW_by_real_stages/E80/GSM7000967_GaseE803039.pairs.gz
GSM7000968_GaseE803040	/Volumes/SumSung500/CSU/0_HiRES/data/hires/GSE223917_RAW_by_real_stages/E80/GSM7000968_GaseE803040.pairs.gz
GSM7000969_GaseE803041	/Volumes/SumSung500/CSU/0_HiRES/data/hires/GSE223917_RAW_by_real_stages/E80/GSM7000969_GaseE803041.pairs.gz
GSM7000970_GaseE803042	/Volumes/SumSung500/CSU/0_HiRES/data/hires/GSE223917_RAW_by_real_stages/E80/GSM7000970_GaseE803042.pairs.gz
GSM7000971_GaseE803043	/Volumes/SumSung500/CSU/0_HiRES/data/hires/GSE223917_RAW_by_real_stages/E80/GSM7000971_GaseE803043.pairs.gz
GSM7000972_GaseE803044	/Volumes/SumSung500/CSU/0_HiRES/data/hires/GSE223917_RAW_by_real_stages/E80/GSM7000972_GaseE803044.pairs.gz
GSM7000973_GaseE803045	/Volumes/SumSung500/CSU/0_HiRES/data/hires/GSE223917_RAW_by_real_stages/E80/GSM7000973_GaseE803045.pairs.gz
GSM7000974_GaseE803046	/Volumes/SumSung500/CSU/0_HiRES/data/hires/GSE223917_RAW_by_real_stages/E80/GSM7000974_GaseE803046.pairs.gz
GSM7000975_GaseE803047	/Volumes/SumSung500/CSU/0_HiRES/data/hires/GSE223917_RAW_by_real_stages/E80/GSM7000975_GaseE803047.pairs.gz
GSM7000976_GaseE803048	/Volumes/SumSung500/CSU/0_HiRES/data/hires/GSE223917_RAW_by_real_stages/E80/GSM7000976_GaseE803048.pairs.gz
GSM7000977_GaseE803049	/Volumes/SumSung500/CSU/0_HiRES/data/hires/GSE223917_RAW_by_real_stages/E80/GSM7000977_GaseE803049.pairs.gz
GSM7000978_GaseE803050	/Volumes/SumSung500/CSU/0_HiRES/data/hires/GSE223917_RAW_by_real_stages/E80/GSM7000978_GaseE803050.pairs.gz
GSM7000979_GaseE803051	/Volumes/SumSung500/CSU/0_HiRES/data/hires/GSE223917_RAW_by_real_stages/E80/GSM7000979_GaseE803051.pairs.gz
GSM7000980_GaseE803052	/Volumes/SumSung500/CSU/0_HiRES/data/hires/GSE223917_RAW_by_real_stages/E80/GSM7000980_GaseE803052.pairs.gz
GSM7000981_GaseE803053	/Volumes/SumSung500/CSU/0_HiRES/data/hires/GSE223917_RAW_by_real_stages/E80/GSM7000981_GaseE803053.pairs.gz
GSM7000982_GaseE803054	/Volumes/SumSung500/CSU/0_HiRES/data/hires/GSE223917_RAW_by_real_stages/E80/GSM7000982_GaseE803054.pairs.gz
GSM7000983_GaseE803055	/Volumes/SumSung500/CSU/0_HiRES/data/hires/GSE223917_RAW_by_real_stages/E80/GSM7000983_GaseE803055.pairs.gz
GSM7000984_GaseE803056	/Volumes/SumSung500/CSU/0_HiRES/data/hires/GSE223917_RAW_by_real_stages/E80/GSM7000984_GaseE803056.pairs.gz
GSM7000985_GaseE803057	/Volumes/SumSung500/CSU/0_HiRES/data/hires/GSE223917_RAW_by_real_stages/E80/GSM7000985_GaseE803057.pairs.gz
GSM7000986_GaseE803058	/Volumes/SumSung500/CSU/0_HiRES/data/hires/GSE223917_RAW_by_real_stages/E80/GSM7000986_GaseE803058.pairs.gz
GSM7000987_GaseE803059	/Volumes/SumSung500/CSU/0_HiRES/data/hires/GSE223917_RAW_by_real_stages/E80/GSM7000987_GaseE803059.pairs.gz
GSM7000988_GaseE803060	/Volumes/SumSung500/CSU/0_HiRES/data/hires/GSE223917_RAW_by_real_stages/E80/GSM7000988_GaseE803060.pairs.gz
GSM7000989_GaseE803061	/Volumes/SumSung500/CSU/0_HiRES/data/hires/GSE223917_RAW_by_real_stages/E80/GSM7000989_GaseE803061.pairs.gz
GSM7000990_GaseE803063	/Volumes/SumSung500/CSU/0_HiRES/data/hires/GSE223917_RAW_by_real_stages/E80/GSM7000990_GaseE803063.pairs.gz
GSM7000991_GaseE803064	/Volumes/SumSung500/CSU/0_HiRES/data/hires/GSE223917_RAW_by_real_stages/E80/GSM7000991_GaseE803064.pairs.gz
GSM7000992_GaseE803065	/Volumes/SumSung500/CSU/0_HiRES/data/hires/GSE223917_RAW_by_real_stages/E80/GSM7000992_GaseE803065.pairs.gz
GSM7000993_GaseE803066	/Volumes/SumSung500/CSU/0_HiRES/data/hires/GSE223917_RAW_by_real_stages/E80/GSM7000993_GaseE803066.pairs.gz
GSM7000994_GaseE803067	/Volumes/SumSung500/CSU/0_HiRES/data/hires/GSE223917_RAW_by_real_stages/E80/GSM7000994_GaseE803067.pairs.gz
GSM7000995_GaseE803068	/Volumes/SumSung500/CSU/0_HiRES/data/hires/GSE223917_RAW_by_real_stages/E80/GSM7000995_GaseE803068.pairs.gz
GSM7000996_GaseE803069	/Volumes/SumSung500/CSU/0_HiRES/data/hires/GSE223917_RAW_by_real_stages/E80/GSM7000996_GaseE803069.pairs.gz
GSM7000997_GaseE803070	/Volumes/SumSung500/CSU/0_HiRES/data/hires/GSE223917_RAW_by_real_stages/E80/GSM7000997_GaseE803070.pairs.gz
GSM7000998_GaseE803071	/Volumes/SumSung500/CSU/0_HiRES/data/hires/GSE223917_RAW_by_real_stages/E80/GSM7000998_GaseE803071.pairs.gz
GSM7000999_GaseE803072	/Volumes/SumSung500/CSU/0_HiRES/data/hires/GSE223917_RAW_by_real_stages/E80/GSM7000999_GaseE803072.pairs.gz
GSM7001000_GaseE803073	/Volumes/SumSung500/CSU/0_HiRES/data/hires/GSE223917_RAW_by_real_stages/E80/GSM7001000_GaseE803073.pairs.gz
GSM7001001_GaseE803074	/Volumes/SumSung500/CSU/0_HiRES/data/hires/GSE223917_RAW_by_real_stages/E80/GSM7001001_GaseE803074.pairs.gz
GSM7001002_GaseE803075	/Volumes/SumSung500/CSU/0_HiRES/data/hires/GSE223917_RAW_by_real_stages/E80/GSM7001002_GaseE803075.pairs.gz
GSM7001003_GaseE803076	/Volumes/SumSung500/CSU/0_HiRES/data/hires/GSE223917_RAW_by_real_stages/E80/GSM7001003_GaseE803076.pairs.gz
GSM7001004_GaseE803077	/Volumes/SumSung500/CSU/0_HiRES/data/hires/GSE223917_RAW_by_real_stages/E80/GSM7001004_GaseE803077.pairs.gz
GSM7001005_GaseE803078	/Volumes/SumSung500/CSU/0_HiRES/data/hires/GSE223917_RAW_by_real_stages/E80/GSM7001005_GaseE803078.pairs.gz
GSM7001006_GaseE803079	/Volumes/SumSung500/CSU/0_HiRES/data/hires/GSE223917_RAW_by_real_stages/E80/GSM7001006_GaseE803079.pairs.gz
GSM7001007_GaseE803080	/Volumes/SumSung500/CSU/0_HiRES/data/hires/GSE223917_RAW_by_real_stages/E80/GSM7001007_GaseE803080.pairs.gz
GSM7001008_GaseE803081	/Volumes/SumSung500/CSU/0_HiRES/data/hires/GSE223917_RAW_by_real_stages/E80/GSM7001008_GaseE803081.pairs.gz
GSM7001009_GaseE803082	/Volumes/SumSung500/CSU/0_HiRES/data/hires/GSE223917_RAW_by_real_stages/E80/GSM7001009_GaseE803082.pairs.gz
GSM7001010_GaseE803083	/Volumes/SumSung500/CSU/0_HiRES/data/hires/GSE223917_RAW_by_real_stages/E80/GSM7001010_GaseE803083.pairs.gz
GSM7001011_GaseE803084	/Volumes/SumSung500/CSU/0_HiRES/data/hires/GSE223917_RAW_by_real_stages/E80/GSM7001011_GaseE803084.pairs.gz
GSM7001012_GaseE803085	/Volumes/SumSung500/CSU/0_HiRES/data/hires/GSE223917_RAW_by_real_stages/E80/GSM7001012_GaseE803085.pairs.gz
GSM7001013_GaseE803086	/Volumes/SumSung500/CSU/0_HiRES/data/hires/GSE223917_RAW_by_real_stages/E80/GSM7001013_GaseE803086.pairs.gz
GSM7001014_GaseE803087	/Volumes/SumSung500/CSU/0_HiRES/data/hires/GSE223917_RAW_by_real_stages/E80/GSM7001014_GaseE803087.pairs.gz
GSM7001015_GaseE803089	/Volumes/SumSung500/CSU/0_HiRES/data/hires/GSE223917_RAW_by_real_stages/E80/GSM7001015_GaseE803089.pairs.gz
GSM7001016_GaseE803090	/Volumes/SumSung500/CSU/0_HiRES/data/hires/GSE223917_RAW_by_real_stages/E80/GSM7001016_GaseE803090.pairs.gz
GSM7001017_GaseE803091	/Volumes/SumSung500/CSU/0_HiRES/data/hires/GSE223917_RAW_by_real_stages/E80/GSM7001017_GaseE803091.pairs.gz
GSM7001018_GaseE803092	/Volumes/SumSung500/CSU/0_HiRES/data/hires/GSE223917_RAW_by_real_stages/E80/GSM7001018_GaseE803092.pairs.gz
GSM7001019_GaseE803093	/Volumes/SumSung500/CSU/0_HiRES/data/hires/GSE223917_RAW_by_real_stages/E80/GSM7001019_GaseE803093.pairs.gz
GSM7001020_GaseE803094	/Volumes/SumSung500/CSU/0_HiRES/data/hires/GSE223917_RAW_by_real_stages/E80/GSM7001020_GaseE803094.pairs.gz
GSM7001021_GaseE803096	/Volumes/SumSung500/CSU/0_HiRES/data/hires/GSE223917_RAW_by_real_stages/E80/GSM7001021_GaseE803096.pairs.gz
GSM7001022_GaseE804001	/Volumes/SumSung500/CSU/0_HiRES/data/hires/GSE223917_RAW_by_real_stages/E80/GSM7001022_GaseE804001.pairs.gz
GSM7001023_GaseE804002	/Volumes/SumSung500/CSU/0_HiRES/data/hires/GSE223917_RAW_by_real_stages/E80/GSM7001023_GaseE804002.pairs.gz
GSM7001024_GaseE804003	/Volumes/SumSung500/CSU/0_HiRES/data/hires/GSE223917_RAW_by_real_stages/E80/GSM7001024_GaseE804003.pairs.gz
GSM7001025_GaseE804004	/Volumes/SumSung500/CSU/0_HiRES/data/hires/GSE223917_RAW_by_real_stages/E80/GSM7001025_GaseE804004.pairs.gz
GSM7001026_GaseE804005	/Volumes/SumSung500/CSU/0_HiRES/data/hires/GSE223917_RAW_by_real_stages/E80/GSM7001026_GaseE804005.pairs.gz
GSM7001027_GaseE804006	/Volumes/SumSung500/CSU/0_HiRES/data/hires/GSE223917_RAW_by_real_stages/E80/GSM7001027_GaseE804006.pairs.gz
GSM7001028_GaseE804007	/Volumes/SumSung500/CSU/0_HiRES/data/hires/GSE223917_RAW_by_real_stages/E80/GSM7001028_GaseE804007.pairs.gz
GSM7001029_GaseE804008	/Volumes/SumSung500/CSU/0_HiRES/data/hires/GSE223917_RAW_by_real_stages/E80/GSM7001029_GaseE804008.pairs.gz
GSM7001030_GaseE804009	/Volumes/SumSung500/CSU/0_HiRES/data/hires/GSE223917_RAW_by_real_stages/E80/GSM7001030_GaseE804009.pairs.gz
GSM7001031_GaseE804010	/Volumes/SumSung500/CSU/0_HiRES/data/hires/GSE223917_RAW_by_real_stages/E80/GSM7001031_GaseE804010.pairs.gz
GSM7001032_GaseE804011	/Volumes/SumSung500/CSU/0_HiRES/data/hires/GSE223917_RAW_by_real_stages/E80/GSM7001032_GaseE804011.pairs.gz
GSM7001033_GaseE804012	/Volumes/SumSung500/CSU/0_HiRES/data/hires/GSE223917_RAW_by_real_stages/E80/GSM7001033_GaseE804012.pairs.gz
GSM7001034_GaseE804013	/Volumes/SumSung500/CSU/0_HiRES/data/hires/GSE223917_RAW_by_real_stages/E80/GSM7001034_GaseE804013.pairs.gz
GSM7001035_GaseE804014	/Volumes/SumSung500/CSU/0_HiRES/data/hires/GSE223917_RAW_by_real_stages/E80/GSM7001035_GaseE804014.pairs.gz
GSM7001036_GaseE804015	/Volumes/SumSung500/CSU/0_HiRES/data/hires/GSE223917_RAW_by_real_stages/E80/GSM7001036_GaseE804015.pairs.gz
GSM7001037_GaseE804016	/Volumes/SumSung500/CSU/0_HiRES/data/hires/GSE223917_RAW_by_real_stages/E80/GSM7001037_GaseE804016.pairs.gz
GSM7001038_GaseE804017	/Volumes/SumSung500/CSU/0_HiRES/data/hires/GSE223917_RAW_by_real_stages/E80/GSM7001038_GaseE804017.pairs.gz
GSM7001039_GaseE804018	/Volumes/SumSung500/CSU/0_HiRES/data/hires/GSE223917_RAW_by_real_stages/E80/GSM7001039_GaseE804018.pairs.gz
GSM7001040_GaseE804019	/Volumes/SumSung500/CSU/0_HiRES/data/hires/GSE223917_RAW_by_real_stages/E80/GSM7001040_GaseE804019.pairs.gz
GSM7001041_GaseE804020	/Volumes/SumSung500/CSU/0_HiRES/data/hires/GSE223917_RAW_by_real_stages/E80/GSM7001041_GaseE804020.pairs.gz
GSM7001042_GaseE804021	/Volumes/SumSung500/CSU/0_HiRES/data/hires/GSE223917_RAW_by_real_stages/E80/GSM7001042_GaseE804021.pairs.gz
GSM7001043_GaseE804022	/Volumes/SumSung500/CSU/0_HiRES/data/hires/GSE223917_RAW_by_real_stages/E80/GSM7001043_GaseE804022.pairs.gz
GSM7001044_GaseE804023	/Volumes/SumSung500/CSU/0_HiRES/data/hires/GSE223917_RAW_by_real_stages/E80/GSM7001044_GaseE804023.pairs.gz
GSM7001045_GaseE804024	/Volumes/SumSung500/CSU/0_HiRES/data/hires/GSE223917_RAW_by_real_stages/E80/GSM7001045_GaseE804024.pairs.gz
GSM7001046_GaseE804025	/Volumes/SumSung500/CSU/0_HiRES/data/hires/GSE223917_RAW_by_real_stages/E80/GSM7001046_GaseE804025.pairs.gz
GSM7001047_GaseE804026	/Volumes/SumSung500/CSU/0_HiRES/data/hires/GSE223917_RAW_by_real_stages/E80/GSM7001047_GaseE804026.pairs.gz
GSM7001048_GaseE804027	/Volumes/SumSung500/CSU/0_HiRES/data/hires/GSE223917_RAW_by_real_stages/E80/GSM7001048_GaseE804027.pairs.gz
GSM7001049_GaseE804028	/Volumes/SumSung500/CSU/0_HiRES/data/hires/GSE223917_RAW_by_real_stages/E80/GSM7001049_GaseE804028.pairs.gz
GSM7001050_GaseE804029	/Volumes/SumSung500/CSU/0_HiRES/data/hires/GSE223917_RAW_by_real_stages/E80/GSM7001050_GaseE804029.pairs.gz
GSM7001051_GaseE804030	/Volumes/SumSung500/CSU/0_HiRES/data/hires/GSE223917_RAW_by_real_stages/E80/GSM7001051_GaseE804030.pairs.gz
GSM7001052_GaseE804031	/Volumes/SumSung500/CSU/0_HiRES/data/hires/GSE223917_RAW_by_real_stages/E80/GSM7001052_GaseE804031.pairs.gz
GSM7001053_GaseE804032	/Volumes/SumSung500/CSU/0_HiRES/data/hires/GSE223917_RAW_by_real_stages/E80/GSM7001053_GaseE804032.pairs.gz
GSM7001054_GaseE804033	/Volumes/SumSung500/CSU/0_HiRES/data/hires/GSE223917_RAW_by_real_stages/E80/GSM7001054_GaseE804033.pairs.gz
GSM7001055_GaseE804034	/Volumes/SumSung500/CSU/0_HiRES/data/hires/GSE223917_RAW_by_real_stages/E80/GSM7001055_GaseE804034.pairs.gz
GSM7001056_GaseE804035	/Volumes/SumSung500/CSU/0_HiRES/data/hires/GSE223917_RAW_by_real_stages/E80/GSM7001056_GaseE804035.pairs.gz
GSM7001057_GaseE804036	/Volumes/SumSung500/CSU/0_HiRES/data/hires/GSE223917_RAW_by_real_stages/E80/GSM7001057_GaseE804036.pairs.gz
GSM7001058_GaseE804037	/Volumes/SumSung500/CSU/0_HiRES/data/hires/GSE223917_RAW_by_real_stages/E80/GSM7001058_GaseE804037.pairs.gz
GSM7001059_GaseE804038	/Volumes/SumSung500/CSU/0_HiRES/data/hires/GSE223917_RAW_by_real_stages/E80/GSM7001059_GaseE804038.pairs.gz
GSM7001060_GaseE804039	/Volumes/SumSung500/CSU/0_HiRES/data/hires/GSE223917_RAW_by_real_stages/E80/GSM7001060_GaseE804039.pairs.gz
GSM7001061_GaseE804040	/Volumes/SumSung500/CSU/0_HiRES/data/hires/GSE223917_RAW_by_real_stages/E80/GSM7001061_GaseE804040.pairs.gz
GSM7001062_GaseE804041	/Volumes/SumSung500/CSU/0_HiRES/data/hires/GSE223917_RAW_by_real_stages/E80/GSM7001062_GaseE804041.pairs.gz
GSM7001063_GaseE804042	/Volumes/SumSung500/CSU/0_HiRES/data/hires/GSE223917_RAW_by_real_stages/E80/GSM7001063_GaseE804042.pairs.gz
GSM7001064_GaseE804043	/Volumes/SumSung500/CSU/0_HiRES/data/hires/GSE223917_RAW_by_real_stages/E80/GSM7001064_GaseE804043.pairs.gz
GSM7001065_GaseE804044	/Volumes/SumSung500/CSU/0_HiRES/data/hires/GSE223917_RAW_by_real_stages/E80/GSM7001065_GaseE804044.pairs.gz
GSM7001066_GaseE804045	/Volumes/SumSung500/CSU/0_HiRES/data/hires/GSE223917_RAW_by_real_stages/E80/GSM7001066_GaseE804045.pairs.gz
GSM7001067_GaseE804046	/Volumes/SumSung500/CSU/0_HiRES/data/hires/GSE223917_RAW_by_real_stages/E80/GSM7001067_GaseE804046.pairs.gz
GSM7001068_GaseE804047	/Volumes/SumSung500/CSU/0_HiRES/data/hires/GSE223917_RAW_by_real_stages/E80/GSM7001068_GaseE804047.pairs.gz
GSM7001069_GaseE804048	/Volumes/SumSung500/CSU/0_HiRES/data/hires/GSE223917_RAW_by_real_stages/E80/GSM7001069_GaseE804048.pairs.gz
GSM7001070_GaseE804049	/Volumes/SumSung500/CSU/0_HiRES/data/hires/GSE223917_RAW_by_real_stages/E80/GSM7001070_GaseE804049.pairs.gz
GSM7001071_GaseE804050	/Volumes/SumSung500/CSU/0_HiRES/data/hires/GSE223917_RAW_by_real_stages/E80/GSM7001071_GaseE804050.pairs.gz
GSM7001072_GaseE804051	/Volumes/SumSung500/CSU/0_HiRES/data/hires/GSE223917_RAW_by_real_stages/E80/GSM7001072_GaseE804051.pairs.gz
GSM7001073_GaseE804052	/Volumes/SumSung500/CSU/0_HiRES/data/hires/GSE223917_RAW_by_real_stages/E80/GSM7001073_GaseE804052.pairs.gz
GSM7001074_GaseE804053	/Volumes/SumSung500/CSU/0_HiRES/data/hires/GSE223917_RAW_by_real_stages/E80/GSM7001074_GaseE804053.pairs.gz
GSM7001075_GaseE804054	/Volumes/SumSung500/CSU/0_HiRES/data/hires/GSE223917_RAW_by_real_stages/E80/GSM7001075_GaseE804054.pairs.gz
GSM7001076_GaseE804055	/Volumes/SumSung500/CSU/0_HiRES/data/hires/GSE223917_RAW_by_real_stages/E80/GSM7001076_GaseE804055.pairs.gz
GSM7001077_GaseE804056	/Volumes/SumSung500/CSU/0_HiRES/data/hires/GSE223917_RAW_by_real_stages/E80/GSM7001077_GaseE804056.pairs.gz
GSM7001078_GaseE804057	/Volumes/SumSung500/CSU/0_HiRES/data/hires/GSE223917_RAW_by_real_stages/E80/GSM7001078_GaseE804057.pairs.gz
GSM7001079_GaseE804058	/Volumes/SumSung500/CSU/0_HiRES/data/hires/GSE223917_RAW_by_real_stages/E80/GSM7001079_GaseE804058.pairs.gz
GSM7001080_GaseE804059	/Volumes/SumSung500/CSU/0_HiRES/data/hires/GSE223917_RAW_by_real_stages/E80/GSM7001080_GaseE804059.pairs.gz
GSM7001081_GaseE804060	/Volumes/SumSung500/CSU/0_HiRES/data/hires/GSE223917_RAW_by_real_stages/E80/GSM7001081_GaseE804060.pairs.gz
GSM7001082_GaseE804061	/Volumes/SumSung500/CSU/0_HiRES/data/hires/GSE223917_RAW_by_real_stages/E80/GSM7001082_GaseE804061.pairs.gz
GSM7001083_GaseE804062	/Volumes/SumSung500/CSU/0_HiRES/data/hires/GSE223917_RAW_by_real_stages/E80/GSM7001083_GaseE804062.pairs.gz
GSM7001084_GaseE804063	/Volumes/SumSung500/CSU/0_HiRES/data/hires/GSE223917_RAW_by_real_stages/E80/GSM7001084_GaseE804063.pairs.gz
GSM7001085_GaseE804064	/Volumes/SumSung500/CSU/0_HiRES/data/hires/GSE223917_RAW_by_real_stages/E80/GSM7001085_GaseE804064.pairs.gz
GSM7001086_GaseE804065	/Volumes/SumSung500/CSU/0_HiRES/data/hires/GSE223917_RAW_by_real_stages/E80/GSM7001086_GaseE804065.pairs.gz
GSM7001087_GaseE804066	/Volumes/SumSung500/CSU/0_HiRES/data/hires/GSE223917_RAW_by_real_stages/E80/GSM7001087_GaseE804066.pairs.gz
GSM7001088_GaseE804067	/Volumes/SumSung500/CSU/0_HiRES/data/hires/GSE223917_RAW_by_real_stages/E80/GSM7001088_GaseE804067.pairs.gz
GSM7001089_GaseE804068	/Volumes/SumSung500/CSU/0_HiRES/data/hires/GSE223917_RAW_by_real_stages/E80/GSM7001089_GaseE804068.pairs.gz
GSM7001090_GaseE804069	/Volumes/SumSung500/CSU/0_HiRES/data/hires/GSE223917_RAW_by_real_stages/E80/GSM7001090_GaseE804069.pairs.gz
GSM7001091_GaseE804070	/Volumes/SumSung500/CSU/0_HiRES/data/hires/GSE223917_RAW_by_real_stages/E80/GSM7001091_GaseE804070.pairs.gz
GSM7001092_GaseE804071	/Volumes/SumSung500/CSU/0_HiRES/data/hires/GSE223917_RAW_by_real_stages/E80/GSM7001092_GaseE804071.pairs.gz
GSM7001093_GaseE804072	/Volumes/SumSung500/CSU/0_HiRES/data/hires/GSE223917_RAW_by_real_stages/E80/GSM7001093_GaseE804072.pairs.gz
GSM7001094_GaseE804073	/Volumes/SumSung500/CSU/0_HiRES/data/hires/GSE223917_RAW_by_real_stages/E80/GSM7001094_GaseE804073.pairs.gz
GSM7001095_GaseE804074	/Volumes/SumSung500/CSU/0_HiRES/data/hires/GSE223917_RAW_by_real_stages/E80/GSM7001095_GaseE804074.pairs.gz
GSM7001096_GaseE804075	/Volumes/SumSung500/CSU/0_HiRES/data/hires/GSE223917_RAW_by_real_stages/E80/GSM7001096_GaseE804075.pairs.gz
GSM7001097_GaseE804076	/Volumes/SumSung500/CSU/0_HiRES/data/hires/GSE223917_RAW_by_real_stages/E80/GSM7001097_GaseE804076.pairs.gz
GSM7001098_GaseE804077	/Volumes/SumSung500/CSU/0_HiRES/data/hires/GSE223917_RAW_by_real_stages/E80/GSM7001098_GaseE804077.pairs.gz
GSM7001099_GaseE804078	/Volumes/SumSung500/CSU/0_HiRES/data/hires/GSE223917_RAW_by_real_stages/E80/GSM7001099_GaseE804078.pairs.gz
GSM7001100_GaseE804079	/Volumes/SumSung500/CSU/0_HiRES/data/hires/GSE223917_RAW_by_real_stages/E80/GSM7001100_GaseE804079.pairs.gz
GSM7001101_GaseE804080	/Volumes/SumSung500/CSU/0_HiRES/data/hires/GSE223917_RAW_by_real_stages/E80/GSM7001101_GaseE804080.pairs.gz
GSM7001102_GaseE804081	/Volumes/SumSung500/CSU/0_HiRES/data/hires/GSE223917_RAW_by_real_stages/E80/GSM7001102_GaseE804081.pairs.gz
GSM7001103_GaseE804082	/Volumes/SumSung500/CSU/0_HiRES/data/hires/GSE223917_RAW_by_real_stages/E80/GSM7001103_GaseE804082.pairs.gz
GSM7001104_GaseE804083	/Volumes/SumSung500/CSU/0_HiRES/data/hires/GSE223917_RAW_by_real_stages/E80/GSM7001104_GaseE804083.pairs.gz
GSM7001105_GaseE804084	/Volumes/SumSung500/CSU/0_HiRES/data/hires/GSE223917_RAW_by_real_stages/E80/GSM7001105_GaseE804084.pairs.gz
GSM7001106_GaseE804085	/Volumes/SumSung500/CSU/0_HiRES/data/hires/GSE223917_RAW_by_real_stages/E80/GSM7001106_GaseE804085.pairs.gz
GSM7001107_GaseE804086	/Volumes/SumSung500/CSU/0_HiRES/data/hires/GSE223917_RAW_by_real_stages/E80/GSM7001107_GaseE804086.pairs.gz
GSM7001108_GaseE804087	/Volumes/SumSung500/CSU/0_HiRES/data/hires/GSE223917_RAW_by_real_stages/E80/GSM7001108_GaseE804087.pairs.gz
GSM7001109_GaseE804088	/Volumes/SumSung500/CSU/0_HiRES/data/hires/GSE223917_RAW_by_real_stages/E80/GSM7001109_GaseE804088.pairs.gz
GSM7001110_GaseE804089	/Volumes/SumSung500/CSU/0_HiRES/data/hires/GSE223917_RAW_by_real_stages/E80/GSM7001110_GaseE804089.pairs.gz
GSM7001111_GaseE804090	/Volumes/SumSung500/CSU/0_HiRES/data/hires/GSE223917_RAW_by_real_stages/E80/GSM7001111_GaseE804090.pairs.gz
GSM7001112_GaseE804091	/Volumes/SumSung500/CSU/0_HiRES/data/hires/GSE223917_RAW_by_real_stages/E80/GSM7001112_GaseE804091.pairs.gz
GSM7001113_GaseE804092	/Volumes/SumSung500/CSU/0_HiRES/data/hires/GSE223917_RAW_by_real_stages/E80/GSM7001113_GaseE804092.pairs.gz
GSM7001114_GaseE804093	/Volumes/SumSung500/CSU/0_HiRES/data/hires/GSE223917_RAW_by_real_stages/E80/GSM7001114_GaseE804093.pairs.gz
GSM7001115_GaseE804094	/Volumes/SumSung500/CSU/0_HiRES/data/hires/GSE223917_RAW_by_real_stages/E80/GSM7001115_GaseE804094.pairs.gz
GSM7001116_GaseE804095	/Volumes/SumSung500/CSU/0_HiRES/data/hires/GSE223917_RAW_by_real_stages/E80/GSM7001116_GaseE804095.pairs.gz
GSM7001117_GaseE804096	/Volumes/SumSung500/CSU/0_HiRES/data/hires/GSE223917_RAW_by_real_stages/E80/GSM7001117_GaseE804096.pairs.gz
GSM7001118_GaseE804097	/Volumes/SumSung500/CSU/0_HiRES/data/hires/GSE223917_RAW_by_real_stages/E80/GSM7001118_GaseE804097.pairs.gz
GSM7001119_GaseE804098	/Volumes/SumSung500/CSU/0_HiRES/data/hires/GSE223917_RAW_by_real_stages/E80/GSM7001119_GaseE804098.pairs.gz
GSM7001120_GaseE804099	/Volumes/SumSung500/CSU/0_HiRES/data/hires/GSE223917_RAW_by_real_stages/E80/GSM7001120_GaseE804099.pairs.gz
GSM7001121_GaseE804100	/Volumes/SumSung500/CSU/0_HiRES/data/hires/GSE223917_RAW_by_real_stages/E80/GSM7001121_GaseE804100.pairs.gz
GSM7001122_GaseE804101	/Volumes/SumSung500/CSU/0_HiRES/data/hires/GSE223917_RAW_by_real_stages/E80/GSM7001122_GaseE804101.pairs.gz
GSM7001123_GaseE804102	/Volumes/SumSung500/CSU/0_HiRES/data/hires/GSE223917_RAW_by_real_stages/E80/GSM7001123_GaseE804102.pairs.gz
GSM7001124_GaseE804103	/Volumes/SumSung500/CSU/0_HiRES/data/hires/GSE223917_RAW_by_real_stages/E80/GSM7001124_GaseE804103.pairs.gz
GSM7001125_GaseE804104	/Volumes/SumSung500/CSU/0_HiRES/data/hires/GSE223917_RAW_by_real_stages/E80/GSM7001125_GaseE804104.pairs.gz
GSM7001126_GaseE804105	/Volumes/SumSung500/CSU/0_HiRES/data/hires/GSE223917_RAW_by_real_stages/E80/GSM7001126_GaseE804105.pairs.gz
GSM7001127_GaseE804106	/Volumes/SumSung500/CSU/0_HiRES/data/hires/GSE223917_RAW_by_real_stages/E80/GSM7001127_GaseE804106.pairs.gz
GSM7001128_GaseE804107	/Volumes/SumSung500/CSU/0_HiRES/data/hires/GSE223917_RAW_by_real_stages/E80/GSM7001128_GaseE804107.pairs.gz
GSM7001129_GaseE804108	/Volumes/SumSung500/CSU/0_HiRES/data/hires/GSE223917_RAW_by_real_stages/E80/GSM7001129_GaseE804108.pairs.gz
GSM7001130_GaseE804109	/Volumes/SumSung500/CSU/0_HiRES/data/hires/GSE223917_RAW_by_real_stages/E80/GSM7001130_GaseE804109.pairs.gz
GSM7001131_GaseE804110	/Volumes/SumSung500/CSU/0_HiRES/data/hires/GSE223917_RAW_by_real_stages/E80/GSM7001131_GaseE804110.pairs.gz
GSM7001132_GaseE804112	/Volumes/SumSung500/CSU/0_HiRES/data/hires/GSE223917_RAW_by_real_stages/E80/GSM7001132_GaseE804112.pairs.gz
GSM7001133_GaseE804113	/Volumes/SumSung500/CSU/0_HiRES/data/hires/GSE223917_RAW_by_real_stages/E80/GSM7001133_GaseE804113.pairs.gz
GSM7001134_GaseE804114	/Volumes/SumSung500/CSU/0_HiRES/data/hires/GSE223917_RAW_by_real_stages/E80/GSM7001134_GaseE804114.pairs.gz
GSM7001135_GaseE804115	/Volumes/SumSung500/CSU/0_HiRES/data/hires/GSE223917_RAW_by_real_stages/E80/GSM7001135_GaseE804115.pairs.gz
GSM7001136_GaseE804116	/Volumes/SumSung500/CSU/0_HiRES/data/hires/GSE223917_RAW_by_real_stages/E80/GSM7001136_GaseE804116.pairs.gz
GSM7001137_GaseE804117	/Volumes/SumSung500/CSU/0_HiRES/data/hires/GSE223917_RAW_by_real_stages/E80/GSM7001137_GaseE804117.pairs.gz
GSM7001138_GaseE804118	/Volumes/SumSung500/CSU/0_HiRES/data/hires/GSE223917_RAW_by_real_stages/E80/GSM7001138_GaseE804118.pairs.gz
GSM7001139_GaseE804119	/Volumes/SumSung500/CSU/0_HiRES/data/hires/GSE223917_RAW_by_real_stages/E80/GSM7001139_GaseE804119.pairs.gz
GSM7001140_GaseE804120	/Volumes/SumSung500/CSU/0_HiRES/data/hires/GSE223917_RAW_by_real_stages/E80/GSM7001140_GaseE804120.pairs.gz
GSM7001141_GaseE804121	/Volumes/SumSung500/CSU/0_HiRES/data/hires/GSE223917_RAW_by_real_stages/E80/GSM7001141_GaseE804121.pairs.gz
GSM7001142_GaseE804122	/Volumes/SumSung500/CSU/0_HiRES/data/hires/GSE223917_RAW_by_real_stages/E80/GSM7001142_GaseE804122.pairs.gz
GSM7001143_GaseE804123	/Volumes/SumSung500/CSU/0_HiRES/data/hires/GSE223917_RAW_by_real_stages/E80/GSM7001143_GaseE804123.pairs.gz
GSM7001144_GaseE804125	/Volumes/SumSung500/CSU/0_HiRES/data/hires/GSE223917_RAW_by_real_stages/E80/GSM7001144_GaseE804125.pairs.gz
GSM7001145_GaseE804126	/Volumes/SumSung500/CSU/0_HiRES/data/hires/GSE223917_RAW_by_real_stages/E80/GSM7001145_GaseE804126.pairs.gz
GSM7001146_GaseE804127	/Volumes/SumSung500/CSU/0_HiRES/data/hires/GSE223917_RAW_by_real_stages/E80/GSM7001146_GaseE804127.pairs.gz
GSM7001147_GaseE804128	/Volumes/SumSung500/CSU/0_HiRES/data/hires/GSE223917_RAW_by_real_stages/E80/GSM7001147_GaseE804128.pairs.gz
GSM7001148_GaseE804129	/Volumes/SumSung500/CSU/0_HiRES/data/hires/GSE223917_RAW_by_real_stages/E80/GSM7001148_GaseE804129.pairs.gz
GSM7001149_GaseE804130	/Volumes/SumSung500/CSU/0_HiRES/data/hires/GSE223917_RAW_by_real_stages/E80/GSM7001149_GaseE804130.pairs.gz
GSM7001150_GaseE804131	/Volumes/SumSung500/CSU/0_HiRES/data/hires/GSE223917_RAW_by_real_stages/E80/GSM7001150_GaseE804131.pairs.gz
GSM7001151_GaseE804132	/Volumes/SumSung500/CSU/0_HiRES/data/hires/GSE223917_RAW_by_real_stages/E80/GSM7001151_GaseE804132.pairs.gz
GSM7001152_GaseE804133	/Volumes/SumSung500/CSU/0_HiRES/data/hires/GSE223917_RAW_by_real_stages/E80/GSM7001152_GaseE804133.pairs.gz
GSM7001153_GaseE804134	/Volumes/SumSung500/CSU/0_HiRES/data/hires/GSE223917_RAW_by_real_stages/E80/GSM7001153_GaseE804134.pairs.gz
GSM7001154_GaseE804135	/Volumes/SumSung500/CSU/0_HiRES/data/hires/GSE223917_RAW_by_real_stages/E80/GSM7001154_GaseE804135.pairs.gz
GSM7001155_GaseE804136	/Volumes/SumSung500/CSU/0_HiRES/data/hires/GSE223917_RAW_by_real_stages/E80/GSM7001155_GaseE804136.pairs.gz
GSM7001156_GaseE804137	/Volumes/SumSung500/CSU/0_HiRES/data/hires/GSE223917_RAW_by_real_stages/E80/GSM7001156_GaseE804137.pairs.gz
GSM7001157_GaseE804138	/Volumes/SumSung500/CSU/0_HiRES/data/hires/GSE223917_RAW_by_real_stages/E80/GSM7001157_GaseE804138.pairs.gz
GSM7001158_GaseE804139	/Volumes/SumSung500/CSU/0_HiRES/data/hires/GSE223917_RAW_by_real_stages/E80/GSM7001158_GaseE804139.pairs.gz
GSM7001159_GaseE804140	/Volumes/SumSung500/CSU/0_HiRES/data/hires/GSE223917_RAW_by_real_stages/E80/GSM7001159_GaseE804140.pairs.gz
GSM7001160_GaseE804141	/Volumes/SumSung500/CSU/0_HiRES/data/hires/GSE223917_RAW_by_real_stages/E80/GSM7001160_GaseE804141.pairs.gz
GSM7001161_GaseE804142	/Volumes/SumSung500/CSU/0_HiRES/data/hires/GSE223917_RAW_by_real_stages/E80/GSM7001161_GaseE804142.pairs.gz
GSM7001162_GaseE804143	/Volumes/SumSung500/CSU/0_HiRES/data/hires/GSE223917_RAW_by_real_stages/E80/GSM7001162_GaseE804143.pairs.gz
GSM7001163_GaseE804144	/Volumes/SumSung500/CSU/0_HiRES/data/hires/GSE223917_RAW_by_real_stages/E80/GSM7001163_GaseE804144.pairs.gz
GSM7001164_GaseE804145	/Volumes/SumSung500/CSU/0_HiRES/data/hires/GSE223917_RAW_by_real_stages/E80/GSM7001164_GaseE804145.pairs.gz
GSM7001165_GaseE804146	/Volumes/SumSung500/CSU/0_HiRES/data/hires/GSE223917_RAW_by_real_stages/E80/GSM7001165_GaseE804146.pairs.gz
GSM7001166_GaseE804147	/Volumes/SumSung500/CSU/0_HiRES/data/hires/GSE223917_RAW_by_real_stages/E80/GSM7001166_GaseE804147.pairs.gz
GSM7001167_GaseE804148	/Volumes/SumSung500/CSU/0_HiRES/data/hires/GSE223917_RAW_by_real_stages/E80/GSM7001167_GaseE804148.pairs.gz
GSM7001168_GaseE804149	/Volumes/SumSung500/CSU/0_HiRES/data/hires/GSE223917_RAW_by_real_stages/E80/GSM7001168_GaseE804149.pairs.gz
GSM7001169_GaseE804150	/Volumes/SumSung500/CSU/0_HiRES/data/hires/GSE223917_RAW_by_real_stages/E80/GSM7001169_GaseE804150.pairs.gz
GSM7001170_GaseE804151	/Volumes/SumSung500/CSU/0_HiRES/data/hires/GSE223917_RAW_by_real_stages/E80/GSM7001170_GaseE804151.pairs.gz
GSM7001171_GaseE804152	/Volumes/SumSung500/CSU/0_HiRES/data/hires/GSE223917_RAW_by_real_stages/E80/GSM7001171_GaseE804152.pairs.gz
GSM7001172_GaseE804153	/Volumes/SumSung500/CSU/0_HiRES/data/hires/GSE223917_RAW_by_real_stages/E80/GSM7001172_GaseE804153.pairs.gz
GSM7001173_GaseE804154	/Volumes/SumSung500/CSU/0_HiRES/data/hires/GSE223917_RAW_by_real_stages/E80/GSM7001173_GaseE804154.pairs.gz
GSM7001174_GaseE804155	/Volumes/SumSung500/CSU/0_HiRES/data/hires/GSE223917_RAW_by_real_stages/E80/GSM7001174_GaseE804155.pairs.gz
GSM7001175_GaseE804156	/Volumes/SumSung500/CSU/0_HiRES/data/hires/GSE223917_RAW_by_real_stages/E80/GSM7001175_GaseE804156.pairs.gz
GSM7001176_GaseE804157	/Volumes/SumSung500/CSU/0_HiRES/data/hires/GSE223917_RAW_by_real_stages/E80/GSM7001176_GaseE804157.pairs.gz
GSM7001177_GaseE804158	/Volumes/SumSung500/CSU/0_HiRES/data/hires/GSE223917_RAW_by_real_stages/E80/GSM7001177_GaseE804158.pairs.gz
GSM7001178_GaseE804159	/Volumes/SumSung500/CSU/0_HiRES/data/hires/GSE223917_RAW_by_real_stages/E80/GSM7001178_GaseE804159.pairs.gz
GSM7001179_GaseE804160	/Volumes/SumSung500/CSU/0_HiRES/data/hires/GSE223917_RAW_by_real_stages/E80/GSM7001179_GaseE804160.pairs.gz
GSM7001180_GaseE804161	/Volumes/SumSung500/CSU/0_HiRES/data/hires/GSE223917_RAW_by_real_stages/E80/GSM7001180_GaseE804161.pairs.gz
GSM7001181_GaseE804162	/Volumes/SumSung500/CSU/0_HiRES/data/hires/GSE223917_RAW_by_real_stages/E80/GSM7001181_GaseE804162.pairs.gz
GSM7001182_GaseE804163	/Volumes/SumSung500/CSU/0_HiRES/data/hires/GSE223917_RAW_by_real_stages/E80/GSM7001182_GaseE804163.pairs.gz
GSM7001183_GaseE804164	/Volumes/SumSung500/CSU/0_HiRES/data/hires/GSE223917_RAW_by_real_stages/E80/GSM7001183_GaseE804164.pairs.gz
GSM7001184_GaseE804165	/Volumes/SumSung500/CSU/0_HiRES/data/hires/GSE223917_RAW_by_real_stages/E80/GSM7001184_GaseE804165.pairs.gz
GSM7001185_GaseE804166	/Volumes/SumSung500/CSU/0_HiRES/data/hires/GSE223917_RAW_by_real_stages/E80/GSM7001185_GaseE804166.pairs.gz
GSM7001186_GaseE804167	/Volumes/SumSung500/CSU/0_HiRES/data/hires/GSE223917_RAW_by_real_stages/E80/GSM7001186_GaseE804167.pairs.gz
GSM7001187_GaseE804168	/Volumes/SumSung500/CSU/0_HiRES/data/hires/GSE223917_RAW_by_real_stages/E80/GSM7001187_GaseE804168.pairs.gz
GSM7001188_GaseE804169	/Volumes/SumSung500/CSU/0_HiRES/data/hires/GSE223917_RAW_by_real_stages/E80/GSM7001188_GaseE804169.pairs.gz
GSM7001189_GaseE804170	/Volumes/SumSung500/CSU/0_HiRES/data/hires/GSE223917_RAW_by_real_stages/E80/GSM7001189_GaseE804170.pairs.gz
GSM7001190_GaseE804171	/Volumes/SumSung500/CSU/0_HiRES/data/hires/GSE223917_RAW_by_real_stages/E80/GSM7001190_GaseE804171.pairs.gz
GSM7001191_GaseE804172	/Volumes/SumSung500/CSU/0_HiRES/data/hires/GSE223917_RAW_by_real_stages/E80/GSM7001191_GaseE804172.pairs.gz
GSM7001192_GaseE804173	/Volumes/SumSung500/CSU/0_HiRES/data/hires/GSE223917_RAW_by_real_stages/E80/GSM7001192_GaseE804173.pairs.gz
GSM7001193_GaseE804174	/Volumes/SumSung500/CSU/0_HiRES/data/hires/GSE223917_RAW_by_real_stages/E80/GSM7001193_GaseE804174.pairs.gz
GSM7001194_GaseE804175	/Volumes/SumSung500/CSU/0_HiRES/data/hires/GSE223917_RAW_by_real_stages/E80/GSM7001194_GaseE804175.pairs.gz
GSM7001195_GaseE804176	/Volumes/SumSung500/CSU/0_HiRES/data/hires/GSE223917_RAW_by_real_stages/E80/GSM7001195_GaseE804176.pairs.gz
GSM7001196_GaseE804177	/Volumes/SumSung500/CSU/0_HiRES/data/hires/GSE223917_RAW_by_real_stages/E80/GSM7001196_GaseE804177.pairs.gz
GSM7001197_GaseE804178	/Volumes/SumSung500/CSU/0_HiRES/data/hires/GSE223917_RAW_by_real_stages/E80/GSM7001197_GaseE804178.pairs.gz
GSM7001198_GaseE804179	/Volumes/SumSung500/CSU/0_HiRES/data/hires/GSE223917_RAW_by_real_stages/E80/GSM7001198_GaseE804179.pairs.gz
GSM7001199_GaseE804180	/Volumes/SumSung500/CSU/0_HiRES/data/hires/GSE223917_RAW_by_real_stages/E80/GSM7001199_GaseE804180.pairs.gz
GSM7001200_GaseE804181	/Volumes/SumSung500/CSU/0_HiRES/data/hires/GSE223917_RAW_by_real_stages/E80/GSM7001200_GaseE804181.pairs.gz
GSM7001201_GaseE804182	/Volumes/SumSung500/CSU/0_HiRES/data/hires/GSE223917_RAW_by_real_stages/E80/GSM7001201_GaseE804182.pairs.gz
GSM7001202_GaseE804183	/Volumes/SumSung500/CSU/0_HiRES/data/hires/GSE223917_RAW_by_real_stages/E80/GSM7001202_GaseE804183.pairs.gz
GSM7001203_GaseE804184	/Volumes/SumSung500/CSU/0_HiRES/data/hires/GSE223917_RAW_by_real_stages/E80/GSM7001203_GaseE804184.pairs.gz
GSM7001204_GaseE804185	/Volumes/SumSung500/CSU/0_HiRES/data/hires/GSE223917_RAW_by_real_stages/E80/GSM7001204_GaseE804185.pairs.gz
GSM7001205_GaseE804186	/Volumes/SumSung500/CSU/0_HiRES/data/hires/GSE223917_RAW_by_real_stages/E80/GSM7001205_GaseE804186.pairs.gz
GSM7001206_GaseE804187	/Volumes/SumSung500/CSU/0_HiRES/data/hires/GSE223917_RAW_by_real_stages/E80/GSM7001206_GaseE804187.pairs.gz
GSM7001207_GaseE804188	/Volumes/SumSung500/CSU/0_HiRES/data/hires/GSE223917_RAW_by_real_stages/E80/GSM7001207_GaseE804188.pairs.gz
GSM7001208_GaseE804189	/Volumes/SumSung500/CSU/0_HiRES/data/hires/GSE223917_RAW_by_real_stages/E80/GSM7001208_GaseE804189.pairs.gz
GSM7001209_GaseE804190	/Volumes/SumSung500/CSU/0_HiRES/data/hires/GSE223917_RAW_by_real_stages/E80/GSM7001209_GaseE804190.pairs.gz
GSM7001210_GaseE804191	/Volumes/SumSung500/CSU/0_HiRES/data/hires/GSE223917_RAW_by_real_stages/E80/GSM7001210_GaseE804191.pairs.gz
GSM7001211_GaseE804192	/Volumes/SumSung500/CSU/0_HiRES/data/hires/GSE223917_RAW_by_real_stages/E80/GSM7001211_GaseE804192.pairs.gz
GSM7001212_GaseE804193	/Volumes/SumSung500/CSU/0_HiRES/data/hires/GSE223917_RAW_by_real_stages/E80/GSM7001212_GaseE804193.pairs.gz
GSM7001213_GaseE804194	/Volumes/SumSung500/CSU/0_HiRES/data/hires/GSE223917_RAW_by_real_stages/E80/GSM7001213_GaseE804194.pairs.gz
GSM7001214_GaseE804195	/Volumes/SumSung500/CSU/0_HiRES/data/hires/GSE223917_RAW_by_real_stages/E80/GSM7001214_GaseE804195.pairs.gz
GSM7001215_GaseE804196	/Volumes/SumSung500/CSU/0_HiRES/data/hires/GSE223917_RAW_by_real_stages/E80/GSM7001215_GaseE804196.pairs.gz
GSM7001216_GaseE804197	/Volumes/SumSung500/CSU/0_HiRES/data/hires/GSE223917_RAW_by_real_stages/E80/GSM7001216_GaseE804197.pairs.gz
GSM7001217_GaseE804198	/Volumes/SumSung500/CSU/0_HiRES/data/hires/GSE223917_RAW_by_real_stages/E80/GSM7001217_GaseE804198.pairs.gz
GSM7001218_GaseE804199	/Volumes/SumSung500/CSU/0_HiRES/data/hires/GSE223917_RAW_by_real_stages/E80/GSM7001218_GaseE804199.pairs.gz
GSM7001219_GaseE804200	/Volumes/SumSung500/CSU/0_HiRES/data/hires/GSE223917_RAW_by_real_stages/E80/GSM7001219_GaseE804200.pairs.gz
GSM7001220_GaseE804201	/Volumes/SumSung500/CSU/0_HiRES/data/hires/GSE223917_RAW_by_real_stages/E80/GSM7001220_GaseE804201.pairs.gz
GSM7001221_GaseE804202	/Volumes/SumSung500/CSU/0_HiRES/data/hires/GSE223917_RAW_by_real_stages/E80/GSM7001221_GaseE804202.pairs.gz
GSM7001222_GaseE804204	/Volumes/SumSung500/CSU/0_HiRES/data/hires/GSE223917_RAW_by_real_stages/E80/GSM7001222_GaseE804204.pairs.gz
GSM7001223_GaseE804205	/Volumes/SumSung500/CSU/0_HiRES/data/hires/GSE223917_RAW_by_real_stages/E80/GSM7001223_GaseE804205.pairs.gz
GSM7001224_GaseE804206	/Volumes/SumSung500/CSU/0_HiRES/data/hires/GSE223917_RAW_by_real_stages/E80/GSM7001224_GaseE804206.pairs.gz
GSM7001225_GaseE804207	/Volumes/SumSung500/CSU/0_HiRES/data/hires/GSE223917_RAW_by_real_stages/E80/GSM7001225_GaseE804207.pairs.gz
GSM7001226_GaseE804208	/Volumes/SumSung500/CSU/0_HiRES/data/hires/GSE223917_RAW_by_real_stages/E80/GSM7001226_GaseE804208.pairs.gz
GSM7001227_GaseE804209	/Volumes/SumSung500/CSU/0_HiRES/data/hires/GSE223917_RAW_by_real_stages/E80/GSM7001227_GaseE804209.pairs.gz
GSM7001228_GaseE804210	/Volumes/SumSung500/CSU/0_HiRES/data/hires/GSE223917_RAW_by_real_stages/E80/GSM7001228_GaseE804210.pairs.gz
GSM7001229_GaseE804211	/Volumes/SumSung500/CSU/0_HiRES/data/hires/GSE223917_RAW_by_real_stages/E80/GSM7001229_GaseE804211.pairs.gz
GSM7001230_GaseE804212	/Volumes/SumSung500/CSU/0_HiRES/data/hires/GSE223917_RAW_by_real_stages/E80/GSM7001230_GaseE804212.pairs.gz
GSM7001231_GaseE804213	/Volumes/SumSung500/CSU/0_HiRES/data/hires/GSE223917_RAW_by_real_stages/E80/GSM7001231_GaseE804213.pairs.gz
GSM7001232_GaseE804214	/Volumes/SumSung500/CSU/0_HiRES/data/hires/GSE223917_RAW_by_real_stages/E80/GSM7001232_GaseE804214.pairs.gz
GSM7001233_GaseE804215	/Volumes/SumSung500/CSU/0_HiRES/data/hires/GSE223917_RAW_by_real_stages/E80/GSM7001233_GaseE804215.pairs.gz
GSM7001234_GaseE804216	/Volumes/SumSung500/CSU/0_HiRES/data/hires/GSE223917_RAW_by_real_stages/E80/GSM7001234_GaseE804216.pairs.gz
GSM7001235_GaseE804217	/Volumes/SumSung500/CSU/0_HiRES/data/hires/GSE223917_RAW_by_real_stages/E80/GSM7001235_GaseE804217.pairs.gz
GSM7001236_GaseE804218	/Volumes/SumSung500/CSU/0_HiRES/data/hires/GSE223917_RAW_by_real_stages/E80/GSM7001236_GaseE804218.pairs.gz
GSM7001237_GaseE804219	/Volumes/SumSung500/CSU/0_HiRES/data/hires/GSE223917_RAW_by_real_stages/E80/GSM7001237_GaseE804219.pairs.gz
GSM7001238_GaseE804220	/Volumes/SumSung500/CSU/0_HiRES/data/hires/GSE223917_RAW_by_real_stages/E80/GSM7001238_GaseE804220.pairs.gz
GSM7001239_GaseE804221	/Volumes/SumSung500/CSU/0_HiRES/data/hires/GSE223917_RAW_by_real_stages/E80/GSM7001239_GaseE804221.pairs.gz
GSM7001240_GaseE804222	/Volumes/SumSung500/CSU/0_HiRES/data/hires/GSE223917_RAW_by_real_stages/E80/GSM7001240_GaseE804222.pairs.gz
GSM7001241_GaseE804223	/Volumes/SumSung500/CSU/0_HiRES/data/hires/GSE223917_RAW_by_real_stages/E80/GSM7001241_GaseE804223.pairs.gz
GSM7001242_GaseE804224	/Volumes/SumSung500/CSU/0_HiRES/data/hires/GSE223917_RAW_by_real_stages/E80/GSM7001242_GaseE804224.pairs.gz
GSM7001243_GaseE804225	/Volumes/SumSung500/CSU/0_HiRES/data/hires/GSE223917_RAW_by_real_stages/E80/GSM7001243_GaseE804225.pairs.gz
GSM7001244_GaseE804226	/Volumes/SumSung500/CSU/0_HiRES/data/hires/GSE223917_RAW_by_real_stages/E80/GSM7001244_GaseE804226.pairs.gz
GSM7001245_GaseE804228	/Volumes/SumSung500/CSU/0_HiRES/data/hires/GSE223917_RAW_by_real_stages/E80/GSM7001245_GaseE804228.pairs.gz
GSM7001246_GaseE804229	/Volumes/SumSung500/CSU/0_HiRES/data/hires/GSE223917_RAW_by_real_stages/E80/GSM7001246_GaseE804229.pairs.gz
GSM7001247_GaseE804230	/Volumes/SumSung500/CSU/0_HiRES/data/hires/GSE223917_RAW_by_real_stages/E80/GSM7001247_GaseE804230.pairs.gz
GSM7001248_GaseE804231	/Volumes/SumSung500/CSU/0_HiRES/data/hires/GSE223917_RAW_by_real_stages/E80/GSM7001248_GaseE804231.pairs.gz
GSM7001249_GaseE804232	/Volumes/SumSung500/CSU/0_HiRES/data/hires/GSE223917_RAW_by_real_stages/E80/GSM7001249_GaseE804232.pairs.gz
GSM7001250_GaseE804233	/Volumes/SumSung500/CSU/0_HiRES/data/hires/GSE223917_RAW_by_real_stages/E80/GSM7001250_GaseE804233.pairs.gz
GSM7001251_GaseE804234	/Volumes/SumSung500/CSU/0_HiRES/data/hires/GSE223917_RAW_by_real_stages/E80/GSM7001251_GaseE804234.pairs.gz
GSM7001252_GaseE804235	/Volumes/SumSung500/CSU/0_HiRES/data/hires/GSE223917_RAW_by_real_stages/E80/GSM7001252_GaseE804235.pairs.gz
GSM7001253_GaseE804236	/Volumes/SumSung500/CSU/0_HiRES/data/hires/GSE223917_RAW_by_real_stages/E80/GSM7001253_GaseE804236.pairs.gz
GSM7001254_GaseE804237	/Volumes/SumSung500/CSU/0_HiRES/data/hires/GSE223917_RAW_by_real_stages/E80/GSM7001254_GaseE804237.pairs.gz
GSM7001255_GaseE804238	/Volumes/SumSung500/CSU/0_HiRES/data/hires/GSE223917_RAW_by_real_stages/E80/GSM7001255_GaseE804238.pairs.gz
GSM7001256_GaseE804239	/Volumes/SumSung500/CSU/0_HiRES/data/hires/GSE223917_RAW_by_real_stages/E80/GSM7001256_GaseE804239.pairs.gz
GSM7001257_GaseE804240	/Volumes/SumSung500/CSU/0_HiRES/data/hires/GSE223917_RAW_by_real_stages/E80/GSM7001257_GaseE804240.pairs.gz
GSM7001258_GaseE804242	/Volumes/SumSung500/CSU/0_HiRES/data/hires/GSE223917_RAW_by_real_stages/E80/GSM7001258_GaseE804242.pairs.gz
GSM7001259_GaseE804243	/Volumes/SumSung500/CSU/0_HiRES/data/hires/GSE223917_RAW_by_real_stages/E80/GSM7001259_GaseE804243.pairs.gz
GSM7001260_GaseE804244	/Volumes/SumSung500/CSU/0_HiRES/data/hires/GSE223917_RAW_by_real_stages/E80/GSM7001260_GaseE804244.pairs.gz
GSM7001261_GaseE804245	/Volumes/SumSung500/CSU/0_HiRES/data/hires/GSE223917_RAW_by_real_stages/E80/GSM7001261_GaseE804245.pairs.gz
GSM7001262_GaseE804246	/Volumes/SumSung500/CSU/0_HiRES/data/hires/GSE223917_RAW_by_real_stages/E80/GSM7001262_GaseE804246.pairs.gz
GSM7001263_GaseE804247	/Volumes/SumSung500/CSU/0_HiRES/data/hires/GSE223917_RAW_by_real_stages/E80/GSM7001263_GaseE804247.pairs.gz
GSM7001264_GaseE804248	/Volumes/SumSung500/CSU/0_HiRES/data/hires/GSE223917_RAW_by_real_stages/E80/GSM7001264_GaseE804248.pairs.gz
GSM7001265_GaseE804249	/Volumes/SumSung500/CSU/0_HiRES/data/hires/GSE223917_RAW_by_real_stages/E80/GSM7001265_GaseE804249.pairs.gz
GSM7001266_GaseE804250	/Volumes/SumSung500/CSU/0_HiRES/data/hires/GSE223917_RAW_by_real_stages/E80/GSM7001266_GaseE804250.pairs.gz
GSM7001267_GaseE804251	/Volumes/SumSung500/CSU/0_HiRES/data/hires/GSE223917_RAW_by_real_stages/E80/GSM7001267_GaseE804251.pairs.gz
GSM7001268_GaseE804252	/Volumes/SumSung500/CSU/0_HiRES/data/hires/GSE223917_RAW_by_real_stages/E80/GSM7001268_GaseE804252.pairs.gz
GSM7001269_GaseE804253	/Volumes/SumSung500/CSU/0_HiRES/data/hires/GSE223917_RAW_by_real_stages/E80/GSM7001269_GaseE804253.pairs.gz
GSM7001270_GaseE804254	/Volumes/SumSung500/CSU/0_HiRES/data/hires/GSE223917_RAW_by_real_stages/E80/GSM7001270_GaseE804254.pairs.gz
GSM7001271_GaseE804255	/Volumes/SumSung500/CSU/0_HiRES/data/hires/GSE223917_RAW_by_real_stages/E80/GSM7001271_GaseE804255.pairs.gz
GSM7001272_GaseE804256	/Volumes/SumSung500/CSU/0_HiRES/data/hires/GSE223917_RAW_by_real_stages/E80/GSM7001272_GaseE804256.pairs.gz
GSM7001273_GaseE804258	/Volumes/SumSung500/CSU/0_HiRES/data/hires/GSE223917_RAW_by_real_stages/E80/GSM7001273_GaseE804258.pairs.gz
GSM7001274_GaseE804259	/Volumes/SumSung500/CSU/0_HiRES/data/hires/GSE223917_RAW_by_real_stages/E80/GSM7001274_GaseE804259.pairs.gz
GSM7001275_GaseE804260	/Volumes/SumSung500/CSU/0_HiRES/data/hires/GSE223917_RAW_by_real_stages/E80/GSM7001275_GaseE804260.pairs.gz
GSM7001276_GaseE804261	/Volumes/SumSung500/CSU/0_HiRES/data/hires/GSE223917_RAW_by_real_stages/E80/GSM7001276_GaseE804261.pairs.gz
GSM7001277_GaseE804262	/Volumes/SumSung500/CSU/0_HiRES/data/hires/GSE223917_RAW_by_real_stages/E80/GSM7001277_GaseE804262.pairs.gz
GSM7001278_GaseE804263	/Volumes/SumSung500/CSU/0_HiRES/data/hires/GSE223917_RAW_by_real_stages/E80/GSM7001278_GaseE804263.pairs.gz
GSM7001279_GaseE804264	/Volumes/SumSung500/CSU/0_HiRES/data/hires/GSE223917_RAW_by_real_stages/E80/GSM7001279_GaseE804264.pairs.gz
GSM7001280_GaseE804265	/Volumes/SumSung500/CSU/0_HiRES/data/hires/GSE223917_RAW_by_real_stages/E80/GSM7001280_GaseE804265.pairs.gz
GSM7001281_GaseE804266	/Volumes/SumSung500/CSU/0_HiRES/data/hires/GSE223917_RAW_by_real_stages/E80/GSM7001281_GaseE804266.pairs.gz
GSM7001282_GaseE804267	/Volumes/SumSung500/CSU/0_HiRES/data/hires/GSE223917_RAW_by_real_stages/E80/GSM7001282_GaseE804267.pairs.gz
GSM7001283_GaseE804268	/Volumes/SumSung500/CSU/0_HiRES/data/hires/GSE223917_RAW_by_real_stages/E80/GSM7001283_GaseE804268.pairs.gz
GSM7001284_GaseE804269	/Volumes/SumSung500/CSU/0_HiRES/data/hires/GSE223917_RAW_by_real_stages/E80/GSM7001284_GaseE804269.pairs.gz
GSM7001285_GaseE804270	/Volumes/SumSung500/CSU/0_HiRES/data/hires/GSE223917_RAW_by_real_stages/E80/GSM7001285_GaseE804270.pairs.gz
GSM7001286_GaseE804271	/Volumes/SumSung500/CSU/0_HiRES/data/hires/GSE223917_RAW_by_real_stages/E80/GSM7001286_GaseE804271.pairs.gz
GSM7001287_GaseE804272	/Volumes/SumSung500/CSU/0_HiRES/data/hires/GSE223917_RAW_by_real_stages/E80/GSM7001287_GaseE804272.pairs.gz
GSM7001288_GaseE804273	/Volumes/SumSung500/CSU/0_HiRES/data/hires/GSE223917_RAW_by_real_stages/E80/GSM7001288_GaseE804273.pairs.gz
GSM7001289_GaseE804274	/Volumes/SumSung500/CSU/0_HiRES/data/hires/GSE223917_RAW_by_real_stages/E80/GSM7001289_GaseE804274.pairs.gz
GSM7001290_GaseE804275	/Volumes/SumSung500/CSU/0_HiRES/data/hires/GSE223917_RAW_by_real_stages/E80/GSM7001290_GaseE804275.pairs.gz
GSM7001291_GaseE804276	/Volumes/SumSung500/CSU/0_HiRES/data/hires/GSE223917_RAW_by_real_stages/E80/GSM7001291_GaseE804276.pairs.gz
GSM7001292_GaseE804277	/Volumes/SumSung500/CSU/0_HiRES/data/hires/GSE223917_RAW_by_real_stages/E80/GSM7001292_GaseE804277.pairs.gz
GSM7001293_GaseE804278	/Volumes/SumSung500/CSU/0_HiRES/data/hires/GSE223917_RAW_by_real_stages/E80/GSM7001293_GaseE804278.pairs.gz
GSM7001294_GaseE804279	/Volumes/SumSung500/CSU/0_HiRES/data/hires/GSE223917_RAW_by_real_stages/E80/GSM7001294_GaseE804279.pairs.gz
GSM7001295_GaseE804280	/Volumes/SumSung500/CSU/0_HiRES/data/hires/GSE223917_RAW_by_real_stages/E80/GSM7001295_GaseE804280.pairs.gz
GSM7001296_GaseE804281	/Volumes/SumSung500/CSU/0_HiRES/data/hires/GSE223917_RAW_by_real_stages/E80/GSM7001296_GaseE804281.pairs.gz
GSM7001297_GaseE804282	/Volumes/SumSung500/CSU/0_HiRES/data/hires/GSE223917_RAW_by_real_stages/E80/GSM7001297_GaseE804282.pairs.gz
GSM7001298_GaseE804283	/Volumes/SumSung500/CSU/0_HiRES/data/hires/GSE223917_RAW_by_real_stages/E80/GSM7001298_GaseE804283.pairs.gz
GSM7001299_GaseE804284	/Volumes/SumSung500/CSU/0_HiRES/data/hires/GSE223917_RAW_by_real_stages/E80/GSM7001299_GaseE804284.pairs.gz
GSM7001300_GaseE804287	/Volumes/SumSung500/CSU/0_HiRES/data/hires/GSE223917_RAW_by_real_stages/E80/GSM7001300_GaseE804287.pairs.gz
GSM7001301_GaseE804288	/Volumes/SumSung500/CSU/0_HiRES/data/hires/GSE223917_RAW_by_real_stages/E80/GSM7001301_GaseE804288.pairs.gz
GSM7001302_GaseE804289	/Volumes/SumSung500/CSU/0_HiRES/data/hires/GSE223917_RAW_by_real_stages/E80/GSM7001302_GaseE804289.pairs.gz
GSM7001303_GaseE804290	/Volumes/SumSung500/CSU/0_HiRES/data/hires/GSE223917_RAW_by_real_stages/E80/GSM7001303_GaseE804290.pairs.gz
GSM7001304_GaseE804291	/Volumes/SumSung500/CSU/0_HiRES/data/hires/GSE223917_RAW_by_real_stages/E80/GSM7001304_GaseE804291.pairs.gz
GSM7001305_GaseE804292	/Volumes/SumSung500/CSU/0_HiRES/data/hires/GSE223917_RAW_by_real_stages/E80/GSM7001305_GaseE804292.pairs.gz
GSM7001306_GaseE804293	/Volumes/SumSung500/CSU/0_HiRES/data/hires/GSE223917_RAW_by_real_stages/E80/GSM7001306_GaseE804293.pairs.gz
GSM7001307_GaseE804294	/Volumes/SumSung500/CSU/0_HiRES/data/hires/GSE223917_RAW_by_real_stages/E80/GSM7001307_GaseE804294.pairs.gz
GSM7001308_GaseE804295	/Volumes/SumSung500/CSU/0_HiRES/data/hires/GSE223917_RAW_by_real_stages/E80/GSM7001308_GaseE804295.pairs.gz
GSM7001309_GaseE804296	/Volumes/SumSung500/CSU/0_HiRES/data/hires/GSE223917_RAW_by_real_stages/E80/GSM7001309_GaseE804296.pairs.gz
GSM7001310_GaseE804297	/Volumes/SumSung500/CSU/0_HiRES/data/hires/GSE223917_RAW_by_real_stages/E80/GSM7001310_GaseE804297.pairs.gz
GSM7001311_GaseE804298	/Volumes/SumSung500/CSU/0_HiRES/data/hires/GSE223917_RAW_by_real_stages/E80/GSM7001311_GaseE804298.pairs.gz
GSM7001312_GaseE804299	/Volumes/SumSung500/CSU/0_HiRES/data/hires/GSE223917_RAW_by_real_stages/E80/GSM7001312_GaseE804299.pairs.gz
GSM7001313_GaseE804300	/Volumes/SumSung500/CSU/0_HiRES/data/hires/GSE223917_RAW_by_real_stages/E80/GSM7001313_GaseE804300.pairs.gz
GSM7001314_GaseE804301	/Volumes/SumSung500/CSU/0_HiRES/data/hires/GSE223917_RAW_by_real_stages/E80/GSM7001314_GaseE804301.pairs.gz
GSM7001315_GaseE804302	/Volumes/SumSung500/CSU/0_HiRES/data/hires/GSE223917_RAW_by_real_stages/E80/GSM7001315_GaseE804302.pairs.gz
GSM7001316_GaseE804303	/Volumes/SumSung500/CSU/0_HiRES/data/hires/GSE223917_RAW_by_real_stages/E80/GSM7001316_GaseE804303.pairs.gz
GSM7001317_GaseE804304	/Volumes/SumSung500/CSU/0_HiRES/data/hires/GSE223917_RAW_by_real_stages/E80/GSM7001317_GaseE804304.pairs.gz
GSM7001318_GaseE804305	/Volumes/SumSung500/CSU/0_HiRES/data/hires/GSE223917_RAW_by_real_stages/E80/GSM7001318_GaseE804305.pairs.gz
GSM7001319_GaseE804306	/Volumes/SumSung500/CSU/0_HiRES/data/hires/GSE223917_RAW_by_real_stages/E80/GSM7001319_GaseE804306.pairs.gz
GSM7001320_GaseE804307	/Volumes/SumSung500/CSU/0_HiRES/data/hires/GSE223917_RAW_by_real_stages/E80/GSM7001320_GaseE804307.pairs.gz
GSM7001321_GaseE804308	/Volumes/SumSung500/CSU/0_HiRES/data/hires/GSE223917_RAW_by_real_stages/E80/GSM7001321_GaseE804308.pairs.gz
GSM7001322_GaseE804309	/Volumes/SumSung500/CSU/0_HiRES/data/hires/GSE223917_RAW_by_real_stages/E80/GSM7001322_GaseE804309.pairs.gz
GSM7001323_GaseE804310	/Volumes/SumSung500/CSU/0_HiRES/data/hires/GSE223917_RAW_by_real_stages/E80/GSM7001323_GaseE804310.pairs.gz
GSM7001324_GaseE804311	/Volumes/SumSung500/CSU/0_HiRES/data/hires/GSE223917_RAW_by_real_stages/E80/GSM7001324_GaseE804311.pairs.gz
GSM7001325_GaseE804312	/Volumes/SumSung500/CSU/0_HiRES/data/hires/GSE223917_RAW_by_real_stages/E80/GSM7001325_GaseE804312.pairs.gz
GSM7001326_GaseE804313	/Volumes/SumSung500/CSU/0_HiRES/data/hires/GSE223917_RAW_by_real_stages/E80/GSM7001326_GaseE804313.pairs.gz
GSM7001327_GaseE804314	/Volumes/SumSung500/CSU/0_HiRES/data/hires/GSE223917_RAW_by_real_stages/E80/GSM7001327_GaseE804314.pairs.gz
GSM7001328_GaseE804315	/Volumes/SumSung500/CSU/0_HiRES/data/hires/GSE223917_RAW_by_real_stages/E80/GSM7001328_GaseE804315.pairs.gz
GSM7001329_GaseE804316	/Volumes/SumSung500/CSU/0_HiRES/data/hires/GSE223917_RAW_by_real_stages/E80/GSM7001329_GaseE804316.pairs.gz
GSM7001330_GaseE804317	/Volumes/SumSung500/CSU/0_HiRES/data/hires/GSE223917_RAW_by_real_stages/E80/GSM7001330_GaseE804317.pairs.gz
GSM7001331_GaseE804318	/Volumes/SumSung500/CSU/0_HiRES/data/hires/GSE223917_RAW_by_real_stages/E80/GSM7001331_GaseE804318.pairs.gz
GSM7001332_GaseE804319	/Volumes/SumSung500/CSU/0_HiRES/data/hires/GSE223917_RAW_by_real_stages/E80/GSM7001332_GaseE804319.pairs.gz
GSM7001333_GaseE804320	/Volumes/SumSung500/CSU/0_HiRES/data/hires/GSE223917_RAW_by_real_stages/E80/GSM7001333_GaseE804320.pairs.gz
GSM7001334_GaseE804321	/Volumes/SumSung500/CSU/0_HiRES/data/hires/GSE223917_RAW_by_real_stages/E80/GSM7001334_GaseE804321.pairs.gz
GSM7001335_GaseE804322	/Volumes/SumSung500/CSU/0_HiRES/data/hires/GSE223917_RAW_by_real_stages/E80/GSM7001335_GaseE804322.pairs.gz
GSM7001336_GaseE804323	/Volumes/SumSung500/CSU/0_HiRES/data/hires/GSE223917_RAW_by_real_stages/E80/GSM7001336_GaseE804323.pairs.gz
GSM7001337_GaseE804324	/Volumes/SumSung500/CSU/0_HiRES/data/hires/GSE223917_RAW_by_real_stages/E80/GSM7001337_GaseE804324.pairs.gz
GSM7001338_GaseE804325	/Volumes/SumSung500/CSU/0_HiRES/data/hires/GSE223917_RAW_by_real_stages/E80/GSM7001338_GaseE804325.pairs.gz
GSM7001339_GaseE804326	/Volumes/SumSung500/CSU/0_HiRES/data/hires/GSE223917_RAW_by_real_stages/E80/GSM7001339_GaseE804326.pairs.gz
GSM7001340_GaseE804327	/Volumes/SumSung500/CSU/0_HiRES/data/hires/GSE223917_RAW_by_real_stages/E80/GSM7001340_GaseE804327.pairs.gz
GSM7001341_GaseE804328	/Volumes/SumSung500/CSU/0_HiRES/data/hires/GSE223917_RAW_by_real_stages/E80/GSM7001341_GaseE804328.pairs.gz
GSM7001342_GaseE804329	/Volumes/SumSung500/CSU/0_HiRES/data/hires/GSE223917_RAW_by_real_stages/E80/GSM7001342_GaseE804329.pairs.gz
GSM7001343_GaseE804330	/Volumes/SumSung500/CSU/0_HiRES/data/hires/GSE223917_RAW_by_real_stages/E80/GSM7001343_GaseE804330.pairs.gz
GSM7001344_GaseE804331	/Volumes/SumSung500/CSU/0_HiRES/data/hires/GSE223917_RAW_by_real_stages/E80/GSM7001344_GaseE804331.pairs.gz
GSM7001345_GaseE804332	/Volumes/SumSung500/CSU/0_HiRES/data/hires/GSE223917_RAW_by_real_stages/E80/GSM7001345_GaseE804332.pairs.gz
GSM7001346_GaseE804333	/Volumes/SumSung500/CSU/0_HiRES/data/hires/GSE223917_RAW_by_real_stages/E80/GSM7001346_GaseE804333.pairs.gz
GSM7001347_GaseE804334	/Volumes/SumSung500/CSU/0_HiRES/data/hires/GSE223917_RAW_by_real_stages/E80/GSM7001347_GaseE804334.pairs.gz
GSM7001348_GaseE804335	/Volumes/SumSung500/CSU/0_HiRES/data/hires/GSE223917_RAW_by_real_stages/E80/GSM7001348_GaseE804335.pairs.gz
GSM7001349_GaseE804336	/Volumes/SumSung500/CSU/0_HiRES/data/hires/GSE223917_RAW_by_real_stages/E80/GSM7001349_GaseE804336.pairs.gz
GSM7001350_GaseE804337	/Volumes/SumSung500/CSU/0_HiRES/data/hires/GSE223917_RAW_by_real_stages/E80/GSM7001350_GaseE804337.pairs.gz
GSM7001351_GaseE804338	/Volumes/SumSung500/CSU/0_HiRES/data/hires/GSE223917_RAW_by_real_stages/E80/GSM7001351_GaseE804338.pairs.gz
GSM7001352_GaseE804339	/Volumes/SumSung500/CSU/0_HiRES/data/hires/GSE223917_RAW_by_real_stages/E80/GSM7001352_GaseE804339.pairs.gz
GSM7001353_GaseE804340	/Volumes/SumSung500/CSU/0_HiRES/data/hires/GSE223917_RAW_by_real_stages/E80/GSM7001353_GaseE804340.pairs.gz
GSM7001354_GaseE804341	/Volumes/SumSung500/CSU/0_HiRES/data/hires/GSE223917_RAW_by_real_stages/E80/GSM7001354_GaseE804341.pairs.gz
GSM7001355_GaseE804342	/Volumes/SumSung500/CSU/0_HiRES/data/hires/GSE223917_RAW_by_real_stages/E80/GSM7001355_GaseE804342.pairs.gz
GSM7001356_GaseE804343	/Volumes/SumSung500/CSU/0_HiRES/data/hires/GSE223917_RAW_by_real_stages/E80/GSM7001356_GaseE804343.pairs.gz
GSM7001357_GaseE804344	/Volumes/SumSung500/CSU/0_HiRES/data/hires/GSE223917_RAW_by_real_stages/E80/GSM7001357_GaseE804344.pairs.gz
GSM7001358_GaseE804345	/Volumes/SumSung500/CSU/0_HiRES/data/hires/GSE223917_RAW_by_real_stages/E80/GSM7001358_GaseE804345.pairs.gz
GSM7001359_GaseE804346	/Volumes/SumSung500/CSU/0_HiRES/data/hires/GSE223917_RAW_by_real_stages/E80/GSM7001359_GaseE804346.pairs.gz
GSM7001360_GaseE804347	/Volumes/SumSung500/CSU/0_HiRES/data/hires/GSE223917_RAW_by_real_stages/E80/GSM7001360_GaseE804347.pairs.gz
GSM7001361_GaseE804348	/Volumes/SumSung500/CSU/0_HiRES/data/hires/GSE223917_RAW_by_real_stages/E80/GSM7001361_GaseE804348.pairs.gz
GSM7001362_GaseE804349	/Volumes/SumSung500/CSU/0_HiRES/data/hires/GSE223917_RAW_by_real_stages/E80/GSM7001362_GaseE804349.pairs.gz
GSM7001363_GaseE804350	/Volumes/SumSung500/CSU/0_HiRES/data/hires/GSE223917_RAW_by_real_stages/E80/GSM7001363_GaseE804350.pairs.gz
GSM7001364_GaseE804351	/Volumes/SumSung500/CSU/0_HiRES/data/hires/GSE223917_RAW_by_real_stages/E80/GSM7001364_GaseE804351.pairs.gz
GSM7001365_GaseE804352	/Volumes/SumSung500/CSU/0_HiRES/data/hires/GSE223917_RAW_by_real_stages/E80/GSM7001365_GaseE804352.pairs.gz
GSM7001366_GaseE804353	/Volumes/SumSung500/CSU/0_HiRES/data/hires/GSE223917_RAW_by_real_stages/E80/GSM7001366_GaseE804353.pairs.gz
GSM7001367_GaseE804354	/Volumes/SumSung500/CSU/0_HiRES/data/hires/GSE223917_RAW_by_real_stages/E80/GSM7001367_GaseE804354.pairs.gz
GSM7001368_GaseE804355	/Volumes/SumSung500/CSU/0_HiRES/data/hires/GSE223917_RAW_by_real_stages/E80/GSM7001368_GaseE804355.pairs.gz
GSM7001369_GaseE804356	/Volumes/SumSung500/CSU/0_HiRES/data/hires/GSE223917_RAW_by_real_stages/E80/GSM7001369_GaseE804356.pairs.gz
GSM7001370_GaseE804357	/Volumes/SumSung500/CSU/0_HiRES/data/hires/GSE223917_RAW_by_real_stages/E80/GSM7001370_GaseE804357.pairs.gz
GSM7001371_GaseE804358	/Volumes/SumSung500/CSU/0_HiRES/data/hires/GSE223917_RAW_by_real_stages/E80/GSM7001371_GaseE804358.pairs.gz
GSM7001372_GaseE804359	/Volumes/SumSung500/CSU/0_HiRES/data/hires/GSE223917_RAW_by_real_stages/E80/GSM7001372_GaseE804359.pairs.gz
GSM7001373_GaseE804360	/Volumes/SumSung500/CSU/0_HiRES/data/hires/GSE223917_RAW_by_real_stages/E80/GSM7001373_GaseE804360.pairs.gz
GSM7001374_GaseE804361	/Volumes/SumSung500/CSU/0_HiRES/data/hires/GSE223917_RAW_by_real_stages/E80/GSM7001374_GaseE804361.pairs.gz
GSM7001375_GaseE804362	/Volumes/SumSung500/CSU/0_HiRES/data/hires/GSE223917_RAW_by_real_stages/E80/GSM7001375_GaseE804362.pairs.gz
GSM7001376_GaseE804363	/Volumes/SumSung500/CSU/0_HiRES/data/hires/GSE223917_RAW_by_real_stages/E80/GSM7001376_GaseE804363.pairs.gz
GSM7001377_GaseE804364	/Volumes/SumSung500/CSU/0_HiRES/data/hires/GSE223917_RAW_by_real_stages/E80/GSM7001377_GaseE804364.pairs.gz
GSM7001378_GaseE804365	/Volumes/SumSung500/CSU/0_HiRES/data/hires/GSE223917_RAW_by_real_stages/E80/GSM7001378_GaseE804365.pairs.gz
GSM7001379_GaseE804366	/Volumes/SumSung500/CSU/0_HiRES/data/hires/GSE223917_RAW_by_real_stages/E80/GSM7001379_GaseE804366.pairs.gz
GSM7001380_GaseE804367	/Volumes/SumSung500/CSU/0_HiRES/data/hires/GSE223917_RAW_by_real_stages/E80/GSM7001380_GaseE804367.pairs.gz
GSM7001381_GaseE804368	/Volumes/SumSung500/CSU/0_HiRES/data/hires/GSE223917_RAW_by_real_stages/E80/GSM7001381_GaseE804368.pairs.gz
GSM7001382_GaseE804369	/Volumes/SumSung500/CSU/0_HiRES/data/hires/GSE223917_RAW_by_real_stages/E80/GSM7001382_GaseE804369.pairs.gz
GSM7001383_GaseE804370	/Volumes/SumSung500/CSU/0_HiRES/data/hires/GSE223917_RAW_by_real_stages/E80/GSM7001383_GaseE804370.pairs.gz
GSM7001384_GaseE804371	/Volumes/SumSung500/CSU/0_HiRES/data/hires/GSE223917_RAW_by_real_stages/E80/GSM7001384_GaseE804371.pairs.gz
GSM7001385_GaseE804372	/Volumes/SumSung500/CSU/0_HiRES/data/hires/GSE223917_RAW_by_real_stages/E80/GSM7001385_GaseE804372.pairs.gz
GSM7001386_GaseE804373	/Volumes/SumSung500/CSU/0_HiRES/data/hires/GSE223917_RAW_by_real_stages/E80/GSM7001386_GaseE804373.pairs.gz
GSM7001387_GaseE804374	/Volumes/SumSung500/CSU/0_HiRES/data/hires/GSE223917_RAW_by_real_stages/E80/GSM7001387_GaseE804374.pairs.gz
GSM7001388_GaseE804375	/Volumes/SumSung500/CSU/0_HiRES/data/hires/GSE223917_RAW_by_real_stages/E80/GSM7001388_GaseE804375.pairs.gz
GSM7001389_GaseE804376	/Volumes/SumSung500/CSU/0_HiRES/data/hires/GSE223917_RAW_by_real_stages/E80/GSM7001389_GaseE804376.pairs.gz
GSM7001390_GaseE804377	/Volumes/SumSung500/CSU/0_HiRES/data/hires/GSE223917_RAW_by_real_stages/E80/GSM7001390_GaseE804377.pairs.gz
GSM7001391_GaseE804378	/Volumes/SumSung500/CSU/0_HiRES/data/hires/GSE223917_RAW_by_real_stages/E80/GSM7001391_GaseE804378.pairs.gz
GSM7001392_GaseE804379	/Volumes/SumSung500/CSU/0_HiRES/data/hires/GSE223917_RAW_by_real_stages/E80/GSM7001392_GaseE804379.pairs.gz
GSM7001393_GaseE804380	/Volumes/SumSung500/CSU/0_HiRES/data/hires/GSE223917_RAW_by_real_stages/E80/GSM7001393_GaseE804380.pairs.gz
GSM7001394_GaseE804381	/Volumes/SumSung500/CSU/0_HiRES/data/hires/GSE223917_RAW_by_real_stages/E80/GSM7001394_GaseE804381.pairs.gz
GSM7001395_GaseE804382	/Volumes/SumSung500/CSU/0_HiRES/data/hires/GSE223917_RAW_by_real_stages/E80/GSM7001395_GaseE804382.pairs.gz
GSM7001396_GaseE804383	/Volumes/SumSung500/CSU/0_HiRES/data/hires/GSE223917_RAW_by_real_stages/E80/GSM7001396_GaseE804383.pairs.gz
GSM7001397_GaseE804384	/Volumes/SumSung500/CSU/0_HiRES/data/hires/GSE223917_RAW_by_real_stages/E80/GSM7001397_GaseE804384.pairs.gz
GSM7001583_GasfE803001	/Volumes/SumSung500/CSU/0_HiRES/data/hires/GSE223917_RAW_by_real_stages/E80/GSM7001583_GasfE803001.pairs.gz
GSM7001584_GasfE803002	/Volumes/SumSung500/CSU/0_HiRES/data/hires/GSE223917_RAW_by_real_stages/E80/GSM7001584_GasfE803002.pairs.gz
GSM7001585_GasfE803003	/Volumes/SumSung500/CSU/0_HiRES/data/hires/GSE223917_RAW_by_real_stages/E80/GSM7001585_GasfE803003.pairs.gz
GSM7001586_GasfE803004	/Volumes/SumSung500/CSU/0_HiRES/data/hires/GSE223917_RAW_by_real_stages/E80/GSM7001586_GasfE803004.pairs.gz
GSM7001587_GasfE803005	/Volumes/SumSung500/CSU/0_HiRES/data/hires/GSE223917_RAW_by_real_stages/E80/GSM7001587_GasfE803005.pairs.gz
GSM7001588_GasfE803006	/Volumes/SumSung500/CSU/0_HiRES/data/hires/GSE223917_RAW_by_real_stages/E80/GSM7001588_GasfE803006.pairs.gz
GSM7001589_GasfE803007	/Volumes/SumSung500/CSU/0_HiRES/data/hires/GSE223917_RAW_by_real_stages/E80/GSM7001589_GasfE803007.pairs.gz
GSM7001590_GasfE803008	/Volumes/SumSung500/CSU/0_HiRES/data/hires/GSE223917_RAW_by_real_stages/E80/GSM7001590_GasfE803008.pairs.gz
GSM7001591_GasfE803009	/Volumes/SumSung500/CSU/0_HiRES/data/hires/GSE223917_RAW_by_real_stages/E80/GSM7001591_GasfE803009.pairs.gz
GSM7001592_GasfE803010	/Volumes/SumSung500/CSU/0_HiRES/data/hires/GSE223917_RAW_by_real_stages/E80/GSM7001592_GasfE803010.pairs.gz
GSM7001593_GasfE803011	/Volumes/SumSung500/CSU/0_HiRES/data/hires/GSE223917_RAW_by_real_stages/E80/GSM7001593_GasfE803011.pairs.gz
GSM7001594_GasfE803012	/Volumes/SumSung500/CSU/0_HiRES/data/hires/GSE223917_RAW_by_real_stages/E80/GSM7001594_GasfE803012.pairs.gz
GSM7001595_GasfE803013	/Volumes/SumSung500/CSU/0_HiRES/data/hires/GSE223917_RAW_by_real_stages/E80/GSM7001595_GasfE803013.pairs.gz
GSM7001596_GasfE803014	/Volumes/SumSung500/CSU/0_HiRES/data/hires/GSE223917_RAW_by_real_stages/E80/GSM7001596_GasfE803014.pairs.gz
GSM7001597_GasfE803015	/Volumes/SumSung500/CSU/0_HiRES/data/hires/GSE223917_RAW_by_real_stages/E80/GSM7001597_GasfE803015.pairs.gz
GSM7001598_GasfE803016	/Volumes/SumSung500/CSU/0_HiRES/data/hires/GSE223917_RAW_by_real_stages/E80/GSM7001598_GasfE803016.pairs.gz
GSM7001599_GasfE803017	/Volumes/SumSung500/CSU/0_HiRES/data/hires/GSE223917_RAW_by_real_stages/E80/GSM7001599_GasfE803017.pairs.gz
GSM7001600_GasfE803018	/Volumes/SumSung500/CSU/0_HiRES/data/hires/GSE223917_RAW_by_real_stages/E80/GSM7001600_GasfE803018.pairs.gz
GSM7001601_GasfE803019	/Volumes/SumSung500/CSU/0_HiRES/data/hires/GSE223917_RAW_by_real_stages/E80/GSM7001601_GasfE803019.pairs.gz
GSM7001602_GasfE803020	/Volumes/SumSung500/CSU/0_HiRES/data/hires/GSE223917_RAW_by_real_stages/E80/GSM7001602_GasfE803020.pairs.gz
GSM7001603_GasfE803021	/Volumes/SumSung500/CSU/0_HiRES/data/hires/GSE223917_RAW_by_real_stages/E80/GSM7001603_GasfE803021.pairs.gz
GSM7001604_GasfE803022	/Volumes/SumSung500/CSU/0_HiRES/data/hires/GSE223917_RAW_by_real_stages/E80/GSM7001604_GasfE803022.pairs.gz
GSM7001605_GasfE803023	/Volumes/SumSung500/CSU/0_HiRES/data/hires/GSE223917_RAW_by_real_stages/E80/GSM7001605_GasfE803023.pairs.gz
GSM7001606_GasfE803024	/Volumes/SumSung500/CSU/0_HiRES/data/hires/GSE223917_RAW_by_real_stages/E80/GSM7001606_GasfE803024.pairs.gz
GSM7001607_GasfE803025	/Volumes/SumSung500/CSU/0_HiRES/data/hires/GSE223917_RAW_by_real_stages/E80/GSM7001607_GasfE803025.pairs.gz
GSM7001608_GasfE803026	/Volumes/SumSung500/CSU/0_HiRES/data/hires/GSE223917_RAW_by_real_stages/E80/GSM7001608_GasfE803026.pairs.gz
GSM7001609_GasfE803027	/Volumes/SumSung500/CSU/0_HiRES/data/hires/GSE223917_RAW_by_real_stages/E80/GSM7001609_GasfE803027.pairs.gz
GSM7001610_GasfE803028	/Volumes/SumSung500/CSU/0_HiRES/data/hires/GSE223917_RAW_by_real_stages/E80/GSM7001610_GasfE803028.pairs.gz
GSM7001611_GasfE803029	/Volumes/SumSung500/CSU/0_HiRES/data/hires/GSE223917_RAW_by_real_stages/E80/GSM7001611_GasfE803029.pairs.gz
GSM7001612_GasfE803030	/Volumes/SumSung500/CSU/0_HiRES/data/hires/GSE223917_RAW_by_real_stages/E80/GSM7001612_GasfE803030.pairs.gz
GSM7001613_GasfE803031	/Volumes/SumSung500/CSU/0_HiRES/data/hires/GSE223917_RAW_by_real_stages/E80/GSM7001613_GasfE803031.pairs.gz
GSM7001614_GasfE803032	/Volumes/SumSung500/CSU/0_HiRES/data/hires/GSE223917_RAW_by_real_stages/E80/GSM7001614_GasfE803032.pairs.gz
GSM7001615_GasfE803033	/Volumes/SumSung500/CSU/0_HiRES/data/hires/GSE223917_RAW_by_real_stages/E80/GSM7001615_GasfE803033.pairs.gz
GSM7001616_GasfE803034	/Volumes/SumSung500/CSU/0_HiRES/data/hires/GSE223917_RAW_by_real_stages/E80/GSM7001616_GasfE803034.pairs.gz
GSM7001617_GasfE803035	/Volumes/SumSung500/CSU/0_HiRES/data/hires/GSE223917_RAW_by_real_stages/E80/GSM7001617_GasfE803035.pairs.gz
GSM7001618_GasfE803036	/Volumes/SumSung500/CSU/0_HiRES/data/hires/GSE223917_RAW_by_real_stages/E80/GSM7001618_GasfE803036.pairs.gz
GSM7001619_GasfE803037	/Volumes/SumSung500/CSU/0_HiRES/data/hires/GSE223917_RAW_by_real_stages/E80/GSM7001619_GasfE803037.pairs.gz
GSM7001620_GasfE803038	/Volumes/SumSung500/CSU/0_HiRES/data/hires/GSE223917_RAW_by_real_stages/E80/GSM7001620_GasfE803038.pairs.gz
GSM7001621_GasfE803039	/Volumes/SumSung500/CSU/0_HiRES/data/hires/GSE223917_RAW_by_real_stages/E80/GSM7001621_GasfE803039.pairs.gz
GSM7001622_GasfE803040	/Volumes/SumSung500/CSU/0_HiRES/data/hires/GSE223917_RAW_by_real_stages/E80/GSM7001622_GasfE803040.pairs.gz
GSM7001623_GasfE803041	/Volumes/SumSung500/CSU/0_HiRES/data/hires/GSE223917_RAW_by_real_stages/E80/GSM7001623_GasfE803041.pairs.gz
GSM7001624_GasfE803042	/Volumes/SumSung500/CSU/0_HiRES/data/hires/GSE223917_RAW_by_real_stages/E80/GSM7001624_GasfE803042.pairs.gz
GSM7001625_GasfE803043	/Volumes/SumSung500/CSU/0_HiRES/data/hires/GSE223917_RAW_by_real_stages/E80/GSM7001625_GasfE803043.pairs.gz
GSM7001626_GasfE803044	/Volumes/SumSung500/CSU/0_HiRES/data/hires/GSE223917_RAW_by_real_stages/E80/GSM7001626_GasfE803044.pairs.gz
GSM7001627_GasfE803045	/Volumes/SumSung500/CSU/0_HiRES/data/hires/GSE223917_RAW_by_real_stages/E80/GSM7001627_GasfE803045.pairs.gz
GSM7001628_GasfE803046	/Volumes/SumSung500/CSU/0_HiRES/data/hires/GSE223917_RAW_by_real_stages/E80/GSM7001628_GasfE803046.pairs.gz
GSM7001629_GasfE803047	/Volumes/SumSung500/CSU/0_HiRES/data/hires/GSE223917_RAW_by_real_stages/E80/GSM7001629_GasfE803047.pairs.gz
GSM7001630_GasfE803048	/Volumes/SumSung500/CSU/0_HiRES/data/hires/GSE223917_RAW_by_real_stages/E80/GSM7001630_GasfE803048.pairs.gz
GSM7001631_GasfE803050	/Volumes/SumSung500/CSU/0_HiRES/data/hires/GSE223917_RAW_by_real_stages/E80/GSM7001631_GasfE803050.pairs.gz
GSM7001632_GasfE803051	/Volumes/SumSung500/CSU/0_HiRES/data/hires/GSE223917_RAW_by_real_stages/E80/GSM7001632_GasfE803051.pairs.gz
GSM7001633_GasfE803052	/Volumes/SumSung500/CSU/0_HiRES/data/hires/GSE223917_RAW_by_real_stages/E80/GSM7001633_GasfE803052.pairs.gz
GSM7001634_GasfE803053	/Volumes/SumSung500/CSU/0_HiRES/data/hires/GSE223917_RAW_by_real_stages/E80/GSM7001634_GasfE803053.pairs.gz
GSM7001635_GasfE803054	/Volumes/SumSung500/CSU/0_HiRES/data/hires/GSE223917_RAW_by_real_stages/E80/GSM7001635_GasfE803054.pairs.gz
GSM7001636_GasfE803055	/Volumes/SumSung500/CSU/0_HiRES/data/hires/GSE223917_RAW_by_real_stages/E80/GSM7001636_GasfE803055.pairs.gz
GSM7001637_GasfE803056	/Volumes/SumSung500/CSU/0_HiRES/data/hires/GSE223917_RAW_by_real_stages/E80/GSM7001637_GasfE803056.pairs.gz
GSM7001638_GasfE803057	/Volumes/SumSung500/CSU/0_HiRES/data/hires/GSE223917_RAW_by_real_stages/E80/GSM7001638_GasfE803057.pairs.gz
GSM7001639_GasfE803058	/Volumes/SumSung500/CSU/0_HiRES/data/hires/GSE223917_RAW_by_real_stages/E80/GSM7001639_GasfE803058.pairs.gz
GSM7001640_GasfE803059	/Volumes/SumSung500/CSU/0_HiRES/data/hires/GSE223917_RAW_by_real_stages/E80/GSM7001640_GasfE803059.pairs.gz
GSM7001641_GasfE803060	/Volumes/SumSung500/CSU/0_HiRES/data/hires/GSE223917_RAW_by_real_stages/E80/GSM7001641_GasfE803060.pairs.gz
GSM7001642_GasfE803061	/Volumes/SumSung500/CSU/0_HiRES/data/hires/GSE223917_RAW_by_real_stages/E80/GSM7001642_GasfE803061.pairs.gz
GSM7001643_GasfE803062	/Volumes/SumSung500/CSU/0_HiRES/data/hires/GSE223917_RAW_by_real_stages/E80/GSM7001643_GasfE803062.pairs.gz
GSM7001644_GasfE803063	/Volumes/SumSung500/CSU/0_HiRES/data/hires/GSE223917_RAW_by_real_stages/E80/GSM7001644_GasfE803063.pairs.gz
GSM7001645_GasfE803064	/Volumes/SumSung500/CSU/0_HiRES/data/hires/GSE223917_RAW_by_real_stages/E80/GSM7001645_GasfE803064.pairs.gz
GSM7001646_GasfE803066	/Volumes/SumSung500/CSU/0_HiRES/data/hires/GSE223917_RAW_by_real_stages/E80/GSM7001646_GasfE803066.pairs.gz
GSM7001647_GasfE803068	/Volumes/SumSung500/CSU/0_HiRES/data/hires/GSE223917_RAW_by_real_stages/E80/GSM7001647_GasfE803068.pairs.gz
GSM7001648_GasfE803069	/Volumes/SumSung500/CSU/0_HiRES/data/hires/GSE223917_RAW_by_real_stages/E80/GSM7001648_GasfE803069.pairs.gz
GSM7001649_GasfE803070	/Volumes/SumSung500/CSU/0_HiRES/data/hires/GSE223917_RAW_by_real_stages/E80/GSM7001649_GasfE803070.pairs.gz
GSM7001650_GasfE803071	/Volumes/SumSung500/CSU/0_HiRES/data/hires/GSE223917_RAW_by_real_stages/E80/GSM7001650_GasfE803071.pairs.gz
GSM7001651_GasfE803072	/Volumes/SumSung500/CSU/0_HiRES/data/hires/GSE223917_RAW_by_real_stages/E80/GSM7001651_GasfE803072.pairs.gz
GSM7001652_GasfE803073	/Volumes/SumSung500/CSU/0_HiRES/data/hires/GSE223917_RAW_by_real_stages/E80/GSM7001652_GasfE803073.pairs.gz
GSM7001653_GasfE803074	/Volumes/SumSung500/CSU/0_HiRES/data/hires/GSE223917_RAW_by_real_stages/E80/GSM7001653_GasfE803074.pairs.gz
GSM7001654_GasfE803075	/Volumes/SumSung500/CSU/0_HiRES/data/hires/GSE223917_RAW_by_real_stages/E80/GSM7001654_GasfE803075.pairs.gz
GSM7001655_GasfE803076	/Volumes/SumSung500/CSU/0_HiRES/data/hires/GSE223917_RAW_by_real_stages/E80/GSM7001655_GasfE803076.pairs.gz
GSM7001656_GasfE803077	/Volumes/SumSung500/CSU/0_HiRES/data/hires/GSE223917_RAW_by_real_stages/E80/GSM7001656_GasfE803077.pairs.gz
GSM7001657_GasfE803078	/Volumes/SumSung500/CSU/0_HiRES/data/hires/GSE223917_RAW_by_real_stages/E80/GSM7001657_GasfE803078.pairs.gz
GSM7001658_GasfE803079	/Volumes/SumSung500/CSU/0_HiRES/data/hires/GSE223917_RAW_by_real_stages/E80/GSM7001658_GasfE803079.pairs.gz
GSM7001659_GasfE803080	/Volumes/SumSung500/CSU/0_HiRES/data/hires/GSE223917_RAW_by_real_stages/E80/GSM7001659_GasfE803080.pairs.gz
GSM7001660_GasfE803081	/Volumes/SumSung500/CSU/0_HiRES/data/hires/GSE223917_RAW_by_real_stages/E80/GSM7001660_GasfE803081.pairs.gz
GSM7001661_GasfE803082	/Volumes/SumSung500/CSU/0_HiRES/data/hires/GSE223917_RAW_by_real_stages/E80/GSM7001661_GasfE803082.pairs.gz
GSM7001662_GasfE803083	/Volumes/SumSung500/CSU/0_HiRES/data/hires/GSE223917_RAW_by_real_stages/E80/GSM7001662_GasfE803083.pairs.gz
GSM7001663_GasfE803084	/Volumes/SumSung500/CSU/0_HiRES/data/hires/GSE223917_RAW_by_real_stages/E80/GSM7001663_GasfE803084.pairs.gz
GSM7001664_GasfE803085	/Volumes/SumSung500/CSU/0_HiRES/data/hires/GSE223917_RAW_by_real_stages/E80/GSM7001664_GasfE803085.pairs.gz
GSM7001665_GasfE803086	/Volumes/SumSung500/CSU/0_HiRES/data/hires/GSE223917_RAW_by_real_stages/E80/GSM7001665_GasfE803086.pairs.gz
GSM7001666_GasfE803087	/Volumes/SumSung500/CSU/0_HiRES/data/hires/GSE223917_RAW_by_real_stages/E80/GSM7001666_GasfE803087.pairs.gz
GSM7001667_GasfE803088	/Volumes/SumSung500/CSU/0_HiRES/data/hires/GSE223917_RAW_by_real_stages/E80/GSM7001667_GasfE803088.pairs.gz
GSM7001668_GasfE803090	/Volumes/SumSung500/CSU/0_HiRES/data/hires/GSE223917_RAW_by_real_stages/E80/GSM7001668_GasfE803090.pairs.gz
GSM7001669_GasfE803091	/Volumes/SumSung500/CSU/0_HiRES/data/hires/GSE223917_RAW_by_real_stages/E80/GSM7001669_GasfE803091.pairs.gz
GSM7001670_GasfE803092	/Volumes/SumSung500/CSU/0_HiRES/data/hires/GSE223917_RAW_by_real_stages/E80/GSM7001670_GasfE803092.pairs.gz
GSM7001671_GasfE803094	/Volumes/SumSung500/CSU/0_HiRES/data/hires/GSE223917_RAW_by_real_stages/E80/GSM7001671_GasfE803094.pairs.gz
GSM7001672_GasfE803095	/Volumes/SumSung500/CSU/0_HiRES/data/hires/GSE223917_RAW_by_real_stages/E80/GSM7001672_GasfE803095.pairs.gz
GSM7001673_GasfE803096	/Volumes/SumSung500/CSU/0_HiRES/data/hires/GSE223917_RAW_by_real_stages/E80/GSM7001673_GasfE803096.pairs.gz
